ISO-10303-21;
HEADER;
FILE_DESCRIPTION(('FreeCAD Model'),'2;1');
FILE_NAME('Open CASCADE Shape Model','2026-09-20T12:26:29',(''),(''),
  'Open CASCADE STEP processor 7.8','FreeCAD','Unknown');
FILE_SCHEMA(('AUTOMOTIVE_DESIGN { 1 0 10303 214 1 1 1 1 }'));
ENDSEC;
DATA;
#1 = APPLICATION_PROTOCOL_DEFINITION('international standard',
  'automotive_design',2000,#2);
#2 = APPLICATION_CONTEXT(
  'core data for automotive mechanical design processes');
#3 = SHAPE_DEFINITION_REPRESENTATION(#4,#10);
#4 = PRODUCT_DEFINITION_SHAPE('','',#5);
#5 = PRODUCT_DEFINITION('design','',#6,#9);
#6 = PRODUCT_DEFINITION_FORMATION('','',#7);
#7 = PRODUCT('Aluminium Bracket','Aluminium Bracket','',(#8));
#8 = PRODUCT_CONTEXT('',#2,'mechanical');
#9 = PRODUCT_DEFINITION_CONTEXT('part definition',#2,'design');
#10 = SHAPE_REPRESENTATION('',(#11,#15),#19);
#11 = AXIS2_PLACEMENT_3D('',#12,#13,#14);
#12 = CARTESIAN_POINT('',(0.,0.,0.));
#13 = DIRECTION('',(0.,0.,1.));
#14 = DIRECTION('',(1.,0.,-0.));
#15 = AXIS2_PLACEMENT_3D('',#16,#17,#18);
#16 = CARTESIAN_POINT('',(0.,0.,0.));
#17 = DIRECTION('',(0.,0.,1.));
#18 = DIRECTION('',(1.,0.,0.));
#19 = ( GEOMETRIC_REPRESENTATION_CONTEXT(3) 
GLOBAL_UNCERTAINTY_ASSIGNED_CONTEXT((#23)) GLOBAL_UNIT_ASSIGNED_CONTEXT(
(#20,#21,#22)) REPRESENTATION_CONTEXT('Context #1',
  '3D Context with UNIT and UNCERTAINTY') );
#20 = ( LENGTH_UNIT() NAMED_UNIT(*) SI_UNIT(.MILLI.,.METRE.) );
#21 = ( NAMED_UNIT(*) PLANE_ANGLE_UNIT() SI_UNIT($,.RADIAN.) );
#22 = ( NAMED_UNIT(*) SI_UNIT($,.STERADIAN.) SOLID_ANGLE_UNIT() );
#23 = UNCERTAINTY_MEASURE_WITH_UNIT(LENGTH_MEASURE(1.E-07),#20,
  'distance_accuracy_value','confusion accuracy');
#24 = PRODUCT_RELATED_PRODUCT_CATEGORY('part',$,(#7));
#25 = SHAPE_DEFINITION_REPRESENTATION(#26,#32);
#26 = PRODUCT_DEFINITION_SHAPE('','',#27);
#27 = PRODUCT_DEFINITION('design','',#28,#31);
#28 = PRODUCT_DEFINITION_FORMATION('','',#29);
#29 = PRODUCT('Bracket Body','Bracket Body','',(#30));
#30 = PRODUCT_CONTEXT('',#2,'mechanical');
#31 = PRODUCT_DEFINITION_CONTEXT('part definition',#2,'design');
#32 = ADVANCED_BREP_SHAPE_REPRESENTATION('',(#11,#33),#3791);
#33 = MANIFOLD_SOLID_BREP('',#34);
#34 = CLOSED_SHELL('',(#35,#244,#332,#408,#484,#543,#598,#681,#735,#821,
    #875,#925,#1431,#1607,#2087,#2114,#2169,#2250,#2300,#2524,#2551,
    #2578,#2656,#2725,#2751,#2758,#2785,#2812,#2839,#2845,#2871,#2897,
    #2924,#2951,#2958,#3008,#3058,#3127,#3134,#3161,#3188,#3215,#3265,
    #3292,#3342,#3392,#3442,#3492,#3542,#3569,#3619,#3666,#3673,#3700,
    #3727,#3754,#3781));
#35 = ADVANCED_FACE('',(#36),#50,.F.);
#36 = FACE_BOUND('',#37,.F.);
#37 = EDGE_LOOP('',(#38,#73,#101,#134,#162,#190,#218));
#38 = ORIENTED_EDGE('',*,*,#39,.T.);
#39 = EDGE_CURVE('',#40,#42,#44,.T.);
#40 = VERTEX_POINT('',#41);
#41 = CARTESIAN_POINT('',(-1.241784453043E-13,7.5,72.));
#42 = VERTEX_POINT('',#43);
#43 = CARTESIAN_POINT('',(-9.237055564881E-14,0.5,72.));
#44 = SURFACE_CURVE('',#45,(#49,#61),.PCURVE_S1.);
#45 = LINE('',#46,#47);
#46 = CARTESIAN_POINT('',(-1.429967255717E-13,8.,72.));
#47 = VECTOR('',#48,1.);
#48 = DIRECTION('',(6.661338147751E-16,-1.,1.998401444325E-15));
#49 = PCURVE('',#50,#55);
#50 = PLANE('',#51);
#51 = AXIS2_PLACEMENT_3D('',#52,#53,#54);
#52 = CARTESIAN_POINT('',(-7.943867785798E-14,39.84,19.84));
#53 = DIRECTION('',(1.,-1.7763568394E-15,-4.440892098501E-16));
#54 = DIRECTION('',(-2.22044604925E-15,-4.440892098501E-16,1.));
#55 = DEFINITIONAL_REPRESENTATION('',(#56),#60);
#56 = LINE('',#57,#58);
#57 = CARTESIAN_POINT('',(52.16,31.84));
#58 = VECTOR('',#59,1.);
#59 = DIRECTION('',(1.7763568394E-15,1.));
#60 = ( GEOMETRIC_REPRESENTATION_CONTEXT(2) 
PARAMETRIC_REPRESENTATION_CONTEXT() REPRESENTATION_CONTEXT('2D SPACE',''
  ) );
#61 = PCURVE('',#62,#67);
#62 = CYLINDRICAL_SURFACE('',#63,8.);
#63 = AXIS2_PLACEMENT_3D('',#64,#65,#66);
#64 = CARTESIAN_POINT('',(8.,8.,72.));
#65 = DIRECTION('',(6.661338147751E-16,-1.,1.998401444325E-15));
#66 = DIRECTION('',(-1.7763568394E-15,1.627025617018E-30,1.));
#67 = DEFINITIONAL_REPRESENTATION('',(#68),#72);
#68 = LINE('',#69,#70);
#69 = CARTESIAN_POINT('',(1.570796326795,0.));
#70 = VECTOR('',#71,1.);
#71 = DIRECTION('',(0.,1.));
#72 = ( GEOMETRIC_REPRESENTATION_CONTEXT(2) 
PARAMETRIC_REPRESENTATION_CONTEXT() REPRESENTATION_CONTEXT('2D SPACE',''
  ) );
#73 = ORIENTED_EDGE('',*,*,#74,.F.);
#74 = EDGE_CURVE('',#75,#42,#77,.T.);
#75 = VERTEX_POINT('',#76);
#76 = CARTESIAN_POINT('',(-1.032507412901E-14,0.5,8.));
#77 = SURFACE_CURVE('',#78,(#82,#89),.PCURVE_S1.);
#78 = LINE('',#79,#80);
#79 = CARTESIAN_POINT('',(-5.65592017665E-14,0.5,8.));
#80 = VECTOR('',#81,1.);
#81 = DIRECTION('',(-1.33226762955E-15,4.440892098501E-16,1.));
#82 = PCURVE('',#50,#83);
#83 = DEFINITIONAL_REPRESENTATION('',(#84),#88);
#84 = LINE('',#85,#86);
#85 = CARTESIAN_POINT('',(-11.84,39.34));
#86 = VECTOR('',#87,1.);
#87 = DIRECTION('',(1.,1.7763568394E-15));
#88 = ( GEOMETRIC_REPRESENTATION_CONTEXT(2) 
PARAMETRIC_REPRESENTATION_CONTEXT() REPRESENTATION_CONTEXT('2D SPACE',''
  ) );
#89 = PCURVE('',#90,#95);
#90 = PLANE('',#91);
#91 = AXIS2_PLACEMENT_3D('',#92,#93,#94);
#92 = CARTESIAN_POINT('',(0.25,0.25,8.));
#93 = DIRECTION('',(-0.707106781187,-0.707106781187,4.660667070805E-16)
  );
#94 = DIRECTION('',(-5.586194906382E-16,1.217737348762E-15,1.));
#95 = DEFINITIONAL_REPRESENTATION('',(#96),#100);
#96 = LINE('',#97,#98);
#97 = CARTESIAN_POINT('',(4.440892098501E-16,0.353553390593));
#98 = VECTOR('',#99,1.);
#99 = DIRECTION('',(1.,1.972152263053E-31));
#100 = ( GEOMETRIC_REPRESENTATION_CONTEXT(2) 
PARAMETRIC_REPRESENTATION_CONTEXT() REPRESENTATION_CONTEXT('2D SPACE',''
  ) );
#101 = ORIENTED_EDGE('',*,*,#102,.F.);
#102 = EDGE_CURVE('',#103,#75,#105,.T.);
#103 = VERTEX_POINT('',#104);
#104 = CARTESIAN_POINT('',(-3.56936702417E-14,8.,0.5));
#105 = SURFACE_CURVE('',#106,(#111,#122),.PCURVE_S1.);
#106 = CIRCLE('',#107,7.5);
#107 = AXIS2_PLACEMENT_3D('',#108,#109,#110);
#108 = CARTESIAN_POINT('',(-1.06581410364E-14,8.,8.));
#109 = DIRECTION('',(-1.,-1.010728034814E-30,-1.33226762955E-15));
#110 = DIRECTION('',(1.33226762955E-15,-2.109423746788E-15,-1.));
#111 = PCURVE('',#50,#112);
#112 = DEFINITIONAL_REPRESENTATION('',(#113),#121);
#113 = ( BOUNDED_CURVE() B_SPLINE_CURVE(2,(#114,#115,#116,#117,#118,#119
,#120),.UNSPECIFIED.,.T.,.F.) B_SPLINE_CURVE_WITH_KNOTS((1,2,2,2,2,1),(
    -2.094395102393,0.,2.094395102393,4.188790204786,6.28318530718,
8.377580409573),.UNSPECIFIED.) CURVE() GEOMETRIC_REPRESENTATION_ITEM() 
RATIONAL_B_SPLINE_CURVE((1.,0.5,1.,0.5,1.,0.5,1.)) REPRESENTATION_ITEM(
  '') );
#114 = CARTESIAN_POINT('',(-19.34,31.84));
#115 = CARTESIAN_POINT('',(-19.34,44.830381056767));
#116 = CARTESIAN_POINT('',(-8.09,38.335190528383));
#117 = CARTESIAN_POINT('',(3.16,31.84));
#118 = CARTESIAN_POINT('',(-8.09,25.344809471617));
#119 = CARTESIAN_POINT('',(-19.34,18.849618943233));
#120 = CARTESIAN_POINT('',(-19.34,31.84));
#121 = ( GEOMETRIC_REPRESENTATION_CONTEXT(2) 
PARAMETRIC_REPRESENTATION_CONTEXT() REPRESENTATION_CONTEXT('2D SPACE',''
  ) );
#122 = PCURVE('',#123,#128);
#123 = CONICAL_SURFACE('',#124,8.,0.785398163397);
#124 = AXIS2_PLACEMENT_3D('',#125,#126,#127);
#125 = CARTESIAN_POINT('',(0.5,8.,8.));
#126 = DIRECTION('',(1.,1.010728034814E-30,1.33226762955E-15));
#127 = DIRECTION('',(1.33226762955E-15,-2.109423746788E-15,-1.));
#128 = DEFINITIONAL_REPRESENTATION('',(#129),#133);
#129 = LINE('',#130,#131);
#130 = CARTESIAN_POINT('',(-0.,-0.5));
#131 = VECTOR('',#132,1.);
#132 = DIRECTION('',(-1.,-0.));
#133 = ( GEOMETRIC_REPRESENTATION_CONTEXT(2) 
PARAMETRIC_REPRESENTATION_CONTEXT() REPRESENTATION_CONTEXT('2D SPACE',''
  ) );
#134 = ORIENTED_EDGE('',*,*,#135,.F.);
#135 = EDGE_CURVE('',#136,#103,#138,.T.);
#136 = VERTEX_POINT('',#137);
#137 = CARTESIAN_POINT('',(-5.512257317264E-14,112.,0.5));
#138 = SURFACE_CURVE('',#139,(#143,#150),.PCURVE_S1.);
#139 = LINE('',#140,#141);
#140 = CARTESIAN_POINT('',(4.580336110394E-14,112.,0.5));
#141 = VECTOR('',#142,1.);
#142 = DIRECTION('',(-7.642090019329E-31,-1.,1.33226762955E-15));
#143 = PCURVE('',#50,#144);
#144 = DEFINITIONAL_REPRESENTATION('',(#145),#149);
#145 = LINE('',#146,#147);
#146 = CARTESIAN_POINT('',(-19.34,-72.16));
#147 = VECTOR('',#148,1.);
#148 = DIRECTION('',(1.7763568394E-15,1.));
#149 = ( GEOMETRIC_REPRESENTATION_CONTEXT(2) 
PARAMETRIC_REPRESENTATION_CONTEXT() REPRESENTATION_CONTEXT('2D SPACE',''
  ) );
#150 = PCURVE('',#151,#156);
#151 = PLANE('',#152);
#152 = AXIS2_PLACEMENT_3D('',#153,#154,#155);
#153 = CARTESIAN_POINT('',(0.25,112.,0.25));
#154 = DIRECTION('',(-0.707106781187,1.649630598691E-16,-0.707106781187)
  );
#155 = DIRECTION('',(-7.827803130538E-16,-1.,5.494873164964E-16));
#156 = DEFINITIONAL_REPRESENTATION('',(#157),#161);
#157 = LINE('',#158,#159);
#158 = CARTESIAN_POINT('',(3.330669073875E-16,0.353553390593));
#159 = VECTOR('',#160,1.);
#160 = DIRECTION('',(1.,-1.479114197289E-31));
#161 = ( GEOMETRIC_REPRESENTATION_CONTEXT(2) 
PARAMETRIC_REPRESENTATION_CONTEXT() REPRESENTATION_CONTEXT('2D SPACE',''
  ) );
#162 = ORIENTED_EDGE('',*,*,#163,.T.);
#163 = EDGE_CURVE('',#136,#164,#166,.T.);
#164 = VERTEX_POINT('',#165);
#165 = CARTESIAN_POINT('',(-3.894107258873E-14,112.,7.5));
#166 = SURFACE_CURVE('',#167,(#171,#178),.PCURVE_S1.);
#167 = LINE('',#168,#169);
#168 = CARTESIAN_POINT('',(-6.039613253961E-14,112.,-2.255973186038E-13)
  );
#169 = VECTOR('',#170,1.);
#170 = DIRECTION('',(-1.998401444325E-15,-2.22044604925E-16,1.));
#171 = PCURVE('',#50,#172);
#172 = DEFINITIONAL_REPRESENTATION('',(#173),#177);
#173 = LINE('',#174,#175);
#174 = CARTESIAN_POINT('',(-19.84,-72.16));
#175 = VECTOR('',#176,1.);
#176 = DIRECTION('',(1.,1.7763568394E-15));
#177 = ( GEOMETRIC_REPRESENTATION_CONTEXT(2) 
PARAMETRIC_REPRESENTATION_CONTEXT() REPRESENTATION_CONTEXT('2D SPACE',''
  ) );
#178 = PCURVE('',#179,#184);
#179 = CYLINDRICAL_SURFACE('',#180,8.);
#180 = AXIS2_PLACEMENT_3D('',#181,#182,#183);
#181 = CARTESIAN_POINT('',(8.,112.,-2.255973186038E-13));
#182 = DIRECTION('',(-1.998401444325E-15,-2.22044604925E-16,1.));
#183 = DIRECTION('',(-4.440892098501E-16,1.,-1.7763568394E-15));
#184 = DEFINITIONAL_REPRESENTATION('',(#185),#189);
#185 = LINE('',#186,#187);
#186 = CARTESIAN_POINT('',(1.570796326795,0.));
#187 = VECTOR('',#188,1.);
#188 = DIRECTION('',(0.,1.));
#189 = ( GEOMETRIC_REPRESENTATION_CONTEXT(2) 
PARAMETRIC_REPRESENTATION_CONTEXT() REPRESENTATION_CONTEXT('2D SPACE',''
  ) );
#190 = ORIENTED_EDGE('',*,*,#191,.F.);
#191 = EDGE_CURVE('',#192,#164,#194,.T.);
#192 = VERTEX_POINT('',#193);
#193 = CARTESIAN_POINT('',(-4.904410211282E-14,7.5,7.5));
#194 = SURFACE_CURVE('',#195,(#199,#206),.PCURVE_S1.);
#195 = LINE('',#196,#197);
#196 = CARTESIAN_POINT('',(-4.878764059413E-14,8.,7.5));
#197 = VECTOR('',#198,1.);
#198 = DIRECTION('',(7.642090019329E-31,1.,-1.33226762955E-15));
#199 = PCURVE('',#50,#200);
#200 = DEFINITIONAL_REPRESENTATION('',(#201),#205);
#201 = LINE('',#202,#203);
#202 = CARTESIAN_POINT('',(-12.34,31.84));
#203 = VECTOR('',#204,1.);
#204 = DIRECTION('',(-1.7763568394E-15,-1.));
#205 = ( GEOMETRIC_REPRESENTATION_CONTEXT(2) 
PARAMETRIC_REPRESENTATION_CONTEXT() REPRESENTATION_CONTEXT('2D SPACE',''
  ) );
#206 = PCURVE('',#207,#212);
#207 = PLANE('',#208);
#208 = AXIS2_PLACEMENT_3D('',#209,#210,#211);
#209 = CARTESIAN_POINT('',(0.25,8.,7.75));
#210 = DIRECTION('',(-0.707106781187,1.080200232182E-15,0.707106781187)
  );
#211 = DIRECTION('',(9.768309444003E-17,1.,-1.42995072399E-15));
#212 = DEFINITIONAL_REPRESENTATION('',(#213),#217);
#213 = LINE('',#214,#215);
#214 = CARTESIAN_POINT('',(3.330669073875E-16,0.353553390593));
#215 = VECTOR('',#216,1.);
#216 = DIRECTION('',(1.,0.));
#217 = ( GEOMETRIC_REPRESENTATION_CONTEXT(2) 
PARAMETRIC_REPRESENTATION_CONTEXT() REPRESENTATION_CONTEXT('2D SPACE',''
  ) );
#218 = ORIENTED_EDGE('',*,*,#219,.T.);
#219 = EDGE_CURVE('',#192,#40,#220,.T.);
#220 = SURFACE_CURVE('',#221,(#225,#232),.PCURVE_S1.);
#221 = LINE('',#222,#223);
#222 = CARTESIAN_POINT('',(-4.94537744089E-14,7.5,8.));
#223 = VECTOR('',#224,1.);
#224 = DIRECTION('',(-1.33226762955E-15,4.440892098501E-16,1.));
#225 = PCURVE('',#50,#226);
#226 = DEFINITIONAL_REPRESENTATION('',(#227),#231);
#227 = LINE('',#228,#229);
#228 = CARTESIAN_POINT('',(-11.84,32.34));
#229 = VECTOR('',#230,1.);
#230 = DIRECTION('',(1.,1.7763568394E-15));
#231 = ( GEOMETRIC_REPRESENTATION_CONTEXT(2) 
PARAMETRIC_REPRESENTATION_CONTEXT() REPRESENTATION_CONTEXT('2D SPACE',''
  ) );
#232 = PCURVE('',#233,#238);
#233 = PLANE('',#234);
#234 = AXIS2_PLACEMENT_3D('',#235,#236,#237);
#235 = CARTESIAN_POINT('',(0.25,7.75,8.));
#236 = DIRECTION('',(-0.707106781187,0.707106781187,-1.019580464943E-15)
  );
#237 = DIRECTION('',(1.165041470576E-15,-2.768630508763E-16,-1.));
#238 = DEFINITIONAL_REPRESENTATION('',(#239),#243);
#239 = LINE('',#240,#241);
#240 = CARTESIAN_POINT('',(6.661338147751E-16,0.353553390593));
#241 = VECTOR('',#242,1.);
#242 = DIRECTION('',(-1.,0.));
#243 = ( GEOMETRIC_REPRESENTATION_CONTEXT(2) 
PARAMETRIC_REPRESENTATION_CONTEXT() REPRESENTATION_CONTEXT('2D SPACE',''
  ) );
#244 = ADVANCED_FACE('',(#245),#62,.T.);
#245 = FACE_BOUND('',#246,.T.);
#246 = EDGE_LOOP('',(#247,#277,#304,#305));
#247 = ORIENTED_EDGE('',*,*,#248,.F.);
#248 = EDGE_CURVE('',#249,#251,#253,.T.);
#249 = VERTEX_POINT('',#250);
#250 = CARTESIAN_POINT('',(8.,7.5,80.));
#251 = VERTEX_POINT('',#252);
#252 = CARTESIAN_POINT('',(8.,0.5,80.));
#253 = SURFACE_CURVE('',#254,(#258,#265),.PCURVE_S1.);
#254 = LINE('',#255,#256);
#255 = CARTESIAN_POINT('',(8.,8.,80.));
#256 = VECTOR('',#257,1.);
#257 = DIRECTION('',(6.661338147751E-16,-1.,1.998401444325E-15));
#258 = PCURVE('',#62,#259);
#259 = DEFINITIONAL_REPRESENTATION('',(#260),#264);
#260 = LINE('',#261,#262);
#261 = CARTESIAN_POINT('',(0.,0.));
#262 = VECTOR('',#263,1.);
#263 = DIRECTION('',(0.,1.));
#264 = ( GEOMETRIC_REPRESENTATION_CONTEXT(2) 
PARAMETRIC_REPRESENTATION_CONTEXT() REPRESENTATION_CONTEXT('2D SPACE',''
  ) );
#265 = PCURVE('',#266,#271);
#266 = PLANE('',#267);
#267 = AXIS2_PLACEMENT_3D('',#268,#269,#270);
#268 = CARTESIAN_POINT('',(-1.652011860642E-13,8.,80.));
#269 = DIRECTION('',(1.7763568394E-15,-1.627025617018E-30,-1.));
#270 = DIRECTION('',(6.661338147751E-16,-1.,1.998401444325E-15));
#271 = DEFINITIONAL_REPRESENTATION('',(#272),#276);
#272 = LINE('',#273,#274);
#273 = CARTESIAN_POINT('',(1.06581410364E-14,-8.));
#274 = VECTOR('',#275,1.);
#275 = DIRECTION('',(1.,-1.33226762955E-15));
#276 = ( GEOMETRIC_REPRESENTATION_CONTEXT(2) 
PARAMETRIC_REPRESENTATION_CONTEXT() REPRESENTATION_CONTEXT('2D SPACE',''
  ) );
#277 = ORIENTED_EDGE('',*,*,#278,.F.);
#278 = EDGE_CURVE('',#40,#249,#279,.T.);
#279 = SURFACE_CURVE('',#280,(#285,#292),.PCURVE_S1.);
#280 = CIRCLE('',#281,8.);
#281 = AXIS2_PLACEMENT_3D('',#282,#283,#284);
#282 = CARTESIAN_POINT('',(8.,7.5,72.));
#283 = DIRECTION('',(8.881784197001E-16,1.,-4.440892098501E-16));
#284 = DIRECTION('',(-1.,8.881784197001E-16,1.665334536938E-15));
#285 = PCURVE('',#62,#286);
#286 = DEFINITIONAL_REPRESENTATION('',(#287),#291);
#287 = LINE('',#288,#289);
#288 = CARTESIAN_POINT('',(1.570796326795,0.5));
#289 = VECTOR('',#290,1.);
#290 = DIRECTION('',(-1.,-0.));
#291 = ( GEOMETRIC_REPRESENTATION_CONTEXT(2) 
PARAMETRIC_REPRESENTATION_CONTEXT() REPRESENTATION_CONTEXT('2D SPACE',''
  ) );
#292 = PCURVE('',#293,#298);
#293 = CONICAL_SURFACE('',#294,8.,0.785398163397);
#294 = AXIS2_PLACEMENT_3D('',#295,#296,#297);
#295 = CARTESIAN_POINT('',(8.,7.5,72.));
#296 = DIRECTION('',(-8.881784197001E-16,-1.,4.440892098501E-16));
#297 = DIRECTION('',(-1.,8.881784197001E-16,1.665334536938E-15));
#298 = DEFINITIONAL_REPRESENTATION('',(#299),#303);
#299 = LINE('',#300,#301);
#300 = CARTESIAN_POINT('',(-0.,0.));
#301 = VECTOR('',#302,1.);
#302 = DIRECTION('',(-1.,0.));
#303 = ( GEOMETRIC_REPRESENTATION_CONTEXT(2) 
PARAMETRIC_REPRESENTATION_CONTEXT() REPRESENTATION_CONTEXT('2D SPACE',''
  ) );
#304 = ORIENTED_EDGE('',*,*,#39,.T.);
#305 = ORIENTED_EDGE('',*,*,#306,.T.);
#306 = EDGE_CURVE('',#42,#251,#307,.T.);
#307 = SURFACE_CURVE('',#308,(#313,#320),.PCURVE_S1.);
#308 = CIRCLE('',#309,8.);
#309 = AXIS2_PLACEMENT_3D('',#310,#311,#312);
#310 = CARTESIAN_POINT('',(8.,0.5,72.));
#311 = DIRECTION('',(8.881784197001E-16,1.,-4.440892098501E-16));
#312 = DIRECTION('',(-1.,8.881784197001E-16,3.441691376338E-15));
#313 = PCURVE('',#62,#314);
#314 = DEFINITIONAL_REPRESENTATION('',(#315),#319);
#315 = LINE('',#316,#317);
#316 = CARTESIAN_POINT('',(1.570796326795,7.5));
#317 = VECTOR('',#318,1.);
#318 = DIRECTION('',(-1.,-0.));
#319 = ( GEOMETRIC_REPRESENTATION_CONTEXT(2) 
PARAMETRIC_REPRESENTATION_CONTEXT() REPRESENTATION_CONTEXT('2D SPACE',''
  ) );
#320 = PCURVE('',#321,#326);
#321 = CONICAL_SURFACE('',#322,8.,0.785398163397);
#322 = AXIS2_PLACEMENT_3D('',#323,#324,#325);
#323 = CARTESIAN_POINT('',(8.,0.5,72.));
#324 = DIRECTION('',(8.881784197001E-16,1.,-4.440892098501E-16));
#325 = DIRECTION('',(-1.,8.881784197001E-16,3.441691376338E-15));
#326 = DEFINITIONAL_REPRESENTATION('',(#327),#331);
#327 = LINE('',#328,#329);
#328 = CARTESIAN_POINT('',(0.,0.));
#329 = VECTOR('',#330,1.);
#330 = DIRECTION('',(1.,0.));
#331 = ( GEOMETRIC_REPRESENTATION_CONTEXT(2) 
PARAMETRIC_REPRESENTATION_CONTEXT() REPRESENTATION_CONTEXT('2D SPACE',''
  ) );
#332 = ADVANCED_FACE('',(#333),#233,.T.);
#333 = FACE_BOUND('',#334,.F.);
#334 = EDGE_LOOP('',(#335,#358,#386,#407));
#335 = ORIENTED_EDGE('',*,*,#336,.F.);
#336 = EDGE_CURVE('',#337,#192,#339,.T.);
#337 = VERTEX_POINT('',#338);
#338 = CARTESIAN_POINT('',(0.5,8.,8.));
#339 = SURFACE_CURVE('',#340,(#344,#351),.PCURVE_S1.);
#340 = LINE('',#341,#342);
#341 = CARTESIAN_POINT('',(0.333333333333,7.833333333333,7.833333333333)
  );
#342 = VECTOR('',#343,1.);
#343 = DIRECTION('',(-0.57735026919,-0.57735026919,-0.57735026919));
#344 = PCURVE('',#233,#345);
#345 = DEFINITIONAL_REPRESENTATION('',(#346),#350);
#346 = LINE('',#347,#348);
#347 = CARTESIAN_POINT('',(0.166666666667,-0.117851130198));
#348 = VECTOR('',#349,1.);
#349 = DIRECTION('',(0.57735026919,0.816496580928));
#350 = ( GEOMETRIC_REPRESENTATION_CONTEXT(2) 
PARAMETRIC_REPRESENTATION_CONTEXT() REPRESENTATION_CONTEXT('2D SPACE',''
  ) );
#351 = PCURVE('',#207,#352);
#352 = DEFINITIONAL_REPRESENTATION('',(#353),#357);
#353 = LINE('',#354,#355);
#354 = CARTESIAN_POINT('',(-0.166666666667,-0.117851130198));
#355 = VECTOR('',#356,1.);
#356 = DIRECTION('',(-0.57735026919,0.816496580928));
#357 = ( GEOMETRIC_REPRESENTATION_CONTEXT(2) 
PARAMETRIC_REPRESENTATION_CONTEXT() REPRESENTATION_CONTEXT('2D SPACE',''
  ) );
#358 = ORIENTED_EDGE('',*,*,#359,.T.);
#359 = EDGE_CURVE('',#337,#360,#362,.T.);
#360 = VERTEX_POINT('',#361);
#361 = CARTESIAN_POINT('',(0.5,8.,72.));
#362 = SURFACE_CURVE('',#363,(#367,#374),.PCURVE_S1.);
#363 = LINE('',#364,#365);
#364 = CARTESIAN_POINT('',(0.5,8.,8.));
#365 = VECTOR('',#366,1.);
#366 = DIRECTION('',(-1.33226762955E-15,4.440892098501E-16,1.));
#367 = PCURVE('',#233,#368);
#368 = DEFINITIONAL_REPRESENTATION('',(#369),#373);
#369 = LINE('',#370,#371);
#370 = CARTESIAN_POINT('',(2.22044604925E-16,-0.353553390593));
#371 = VECTOR('',#372,1.);
#372 = DIRECTION('',(-1.,0.));
#373 = ( GEOMETRIC_REPRESENTATION_CONTEXT(2) 
PARAMETRIC_REPRESENTATION_CONTEXT() REPRESENTATION_CONTEXT('2D SPACE',''
  ) );
#374 = PCURVE('',#375,#380);
#375 = PLANE('',#376);
#376 = AXIS2_PLACEMENT_3D('',#377,#378,#379);
#377 = CARTESIAN_POINT('',(-2.13162820728E-14,8.,8.));
#378 = DIRECTION('',(4.440892098501E-16,-1.,1.7763568394E-15));
#379 = DIRECTION('',(-1.998401444325E-15,-2.22044604925E-16,1.));
#380 = DEFINITIONAL_REPRESENTATION('',(#381),#385);
#381 = LINE('',#382,#383);
#382 = CARTESIAN_POINT('',(-6.66133814775E-16,-0.5));
#383 = VECTOR('',#384,1.);
#384 = DIRECTION('',(1.,1.33226762955E-15));
#385 = ( GEOMETRIC_REPRESENTATION_CONTEXT(2) 
PARAMETRIC_REPRESENTATION_CONTEXT() REPRESENTATION_CONTEXT('2D SPACE',''
  ) );
#386 = ORIENTED_EDGE('',*,*,#387,.T.);
#387 = EDGE_CURVE('',#360,#40,#388,.T.);
#388 = SURFACE_CURVE('',#389,(#393,#400),.PCURVE_S1.);
#389 = LINE('',#390,#391);
#390 = CARTESIAN_POINT('',(0.25,7.75,72.));
#391 = VECTOR('',#392,1.);
#392 = DIRECTION('',(-0.707106781187,-0.707106781187,-6.280369834735E-16
    ));
#393 = PCURVE('',#233,#394);
#394 = DEFINITIONAL_REPRESENTATION('',(#395),#399);
#395 = LINE('',#396,#397);
#396 = CARTESIAN_POINT('',(-64.,-5.88784672006E-17));
#397 = VECTOR('',#398,1.);
#398 = DIRECTION('',(-0.,1.));
#399 = ( GEOMETRIC_REPRESENTATION_CONTEXT(2) 
PARAMETRIC_REPRESENTATION_CONTEXT() REPRESENTATION_CONTEXT('2D SPACE',''
  ) );
#400 = PCURVE('',#293,#401);
#401 = DEFINITIONAL_REPRESENTATION('',(#402),#406);
#402 = LINE('',#403,#404);
#403 = CARTESIAN_POINT('',(1.998401444325E-15,-0.25));
#404 = VECTOR('',#405,1.);
#405 = DIRECTION('',(-0.,1.));
#406 = ( GEOMETRIC_REPRESENTATION_CONTEXT(2) 
PARAMETRIC_REPRESENTATION_CONTEXT() REPRESENTATION_CONTEXT('2D SPACE',''
  ) );
#407 = ORIENTED_EDGE('',*,*,#219,.F.);
#408 = ADVANCED_FACE('',(#409),#90,.T.);
#409 = FACE_BOUND('',#410,.T.);
#410 = EDGE_LOOP('',(#411,#434,#462,#483));
#411 = ORIENTED_EDGE('',*,*,#412,.F.);
#412 = EDGE_CURVE('',#413,#75,#415,.T.);
#413 = VERTEX_POINT('',#414);
#414 = CARTESIAN_POINT('',(0.5,1.86517468137E-14,8.));
#415 = SURFACE_CURVE('',#416,(#420,#427),.PCURVE_S1.);
#416 = LINE('',#417,#418);
#417 = CARTESIAN_POINT('',(0.5,1.86517468137E-14,8.));
#418 = VECTOR('',#419,1.);
#419 = DIRECTION('',(-0.707106781187,0.707106781187,-2.23333626228E-15)
  );
#420 = PCURVE('',#90,#421);
#421 = DEFINITIONAL_REPRESENTATION('',(#422),#426);
#422 = LINE('',#423,#424);
#423 = CARTESIAN_POINT('',(4.218847493576E-14,-0.353553390593));
#424 = VECTOR('',#425,1.);
#425 = DIRECTION('',(-9.772622953327E-16,1.));
#426 = ( GEOMETRIC_REPRESENTATION_CONTEXT(2) 
PARAMETRIC_REPRESENTATION_CONTEXT() REPRESENTATION_CONTEXT('2D SPACE',''
  ) );
#427 = PCURVE('',#123,#428);
#428 = DEFINITIONAL_REPRESENTATION('',(#429),#433);
#429 = LINE('',#430,#431);
#430 = CARTESIAN_POINT('',(-1.570796326795,-0.));
#431 = VECTOR('',#432,1.);
#432 = DIRECTION('',(-0.,-1.));
#433 = ( GEOMETRIC_REPRESENTATION_CONTEXT(2) 
PARAMETRIC_REPRESENTATION_CONTEXT() REPRESENTATION_CONTEXT('2D SPACE',''
  ) );
#434 = ORIENTED_EDGE('',*,*,#435,.T.);
#435 = EDGE_CURVE('',#413,#436,#438,.T.);
#436 = VERTEX_POINT('',#437);
#437 = CARTESIAN_POINT('',(0.5,3.202993426044E-14,72.));
#438 = SURFACE_CURVE('',#439,(#443,#450),.PCURVE_S1.);
#439 = LINE('',#440,#441);
#440 = CARTESIAN_POINT('',(0.5,-4.588329716171E-14,8.));
#441 = VECTOR('',#442,1.);
#442 = DIRECTION('',(-1.33226762955E-15,4.440892098501E-16,1.));
#443 = PCURVE('',#90,#444);
#444 = DEFINITIONAL_REPRESENTATION('',(#445),#449);
#445 = LINE('',#446,#447);
#446 = CARTESIAN_POINT('',(4.440892098501E-16,-0.353553390593));
#447 = VECTOR('',#448,1.);
#448 = DIRECTION('',(1.,1.972152263053E-31));
#449 = ( GEOMETRIC_REPRESENTATION_CONTEXT(2) 
PARAMETRIC_REPRESENTATION_CONTEXT() REPRESENTATION_CONTEXT('2D SPACE',''
  ) );
#450 = PCURVE('',#451,#456);
#451 = PLANE('',#452);
#452 = AXIS2_PLACEMENT_3D('',#453,#454,#455);
#453 = CARTESIAN_POINT('',(-1.59872115546E-13,-1.7763568394E-14,80.));
#454 = DIRECTION('',(-4.440892098501E-16,1.,-1.7763568394E-15));
#455 = DIRECTION('',(1.998401444325E-15,2.22044604925E-16,-1.));
#456 = DEFINITIONAL_REPRESENTATION('',(#457),#461);
#457 = LINE('',#458,#459);
#458 = CARTESIAN_POINT('',(72.,-0.5));
#459 = VECTOR('',#460,1.);
#460 = DIRECTION('',(-1.,1.33226762955E-15));
#461 = ( GEOMETRIC_REPRESENTATION_CONTEXT(2) 
PARAMETRIC_REPRESENTATION_CONTEXT() REPRESENTATION_CONTEXT('2D SPACE',''
  ) );
#462 = ORIENTED_EDGE('',*,*,#463,.T.);
#463 = EDGE_CURVE('',#436,#42,#464,.T.);
#464 = SURFACE_CURVE('',#465,(#469,#476),.PCURVE_S1.);
#465 = LINE('',#466,#467);
#466 = CARTESIAN_POINT('',(0.25,0.25,72.));
#467 = VECTOR('',#468,1.);
#468 = DIRECTION('',(-0.707106781187,0.707106781187,-1.256073966947E-15)
  );
#469 = PCURVE('',#90,#470);
#470 = DEFINITIONAL_REPRESENTATION('',(#471),#475);
#471 = LINE('',#472,#473);
#472 = CARTESIAN_POINT('',(64.,5.048709793414E-29));
#473 = VECTOR('',#474,1.);
#474 = DIRECTION('',(0.,1.));
#475 = ( GEOMETRIC_REPRESENTATION_CONTEXT(2) 
PARAMETRIC_REPRESENTATION_CONTEXT() REPRESENTATION_CONTEXT('2D SPACE',''
  ) );
#476 = PCURVE('',#321,#477);
#477 = DEFINITIONAL_REPRESENTATION('',(#478),#482);
#478 = LINE('',#479,#480);
#479 = CARTESIAN_POINT('',(-3.774758283726E-15,-0.25));
#480 = VECTOR('',#481,1.);
#481 = DIRECTION('',(0.,1.));
#482 = ( GEOMETRIC_REPRESENTATION_CONTEXT(2) 
PARAMETRIC_REPRESENTATION_CONTEXT() REPRESENTATION_CONTEXT('2D SPACE',''
  ) );
#483 = ORIENTED_EDGE('',*,*,#74,.F.);
#484 = ADVANCED_FACE('',(#485),#207,.T.);
#485 = FACE_BOUND('',#486,.T.);
#486 = EDGE_LOOP('',(#487,#488,#516,#542));
#487 = ORIENTED_EDGE('',*,*,#336,.F.);
#488 = ORIENTED_EDGE('',*,*,#489,.T.);
#489 = EDGE_CURVE('',#337,#490,#492,.T.);
#490 = VERTEX_POINT('',#491);
#491 = CARTESIAN_POINT('',(0.5,112.,8.));
#492 = SURFACE_CURVE('',#493,(#497,#504),.PCURVE_S1.);
#493 = LINE('',#494,#495);
#494 = CARTESIAN_POINT('',(0.5,8.,8.));
#495 = VECTOR('',#496,1.);
#496 = DIRECTION('',(7.642090019329E-31,1.,-1.33226762955E-15));
#497 = PCURVE('',#207,#498);
#498 = DEFINITIONAL_REPRESENTATION('',(#499),#503);
#499 = LINE('',#500,#501);
#500 = CARTESIAN_POINT('',(-3.330669073875E-16,-0.353553390593));
#501 = VECTOR('',#502,1.);
#502 = DIRECTION('',(1.,0.));
#503 = ( GEOMETRIC_REPRESENTATION_CONTEXT(2) 
PARAMETRIC_REPRESENTATION_CONTEXT() REPRESENTATION_CONTEXT('2D SPACE',''
  ) );
#504 = PCURVE('',#505,#510);
#505 = PLANE('',#506);
#506 = AXIS2_PLACEMENT_3D('',#507,#508,#509);
#507 = CARTESIAN_POINT('',(-9.592326932761E-14,120.,8.));
#508 = DIRECTION('',(1.7763568394E-15,-1.627025617018E-30,-1.));
#509 = DIRECTION('',(6.661338147751E-16,-1.,1.998401444325E-15));
#510 = DEFINITIONAL_REPRESENTATION('',(#511),#515);
#511 = LINE('',#512,#513);
#512 = CARTESIAN_POINT('',(112.,-0.5));
#513 = VECTOR('',#514,1.);
#514 = DIRECTION('',(-1.,1.33226762955E-15));
#515 = ( GEOMETRIC_REPRESENTATION_CONTEXT(2) 
PARAMETRIC_REPRESENTATION_CONTEXT() REPRESENTATION_CONTEXT('2D SPACE',''
  ) );
#516 = ORIENTED_EDGE('',*,*,#517,.T.);
#517 = EDGE_CURVE('',#490,#164,#518,.T.);
#518 = SURFACE_CURVE('',#519,(#523,#530),.PCURVE_S1.);
#519 = LINE('',#520,#521);
#520 = CARTESIAN_POINT('',(0.25,112.,7.75));
#521 = VECTOR('',#522,1.);
#522 = DIRECTION('',(-0.707106781187,-9.420554752103E-16,-0.707106781187
    ));
#523 = PCURVE('',#207,#524);
#524 = DEFINITIONAL_REPRESENTATION('',(#525),#529);
#525 = LINE('',#526,#527);
#526 = CARTESIAN_POINT('',(104.,-4.121492704044E-16));
#527 = VECTOR('',#528,1.);
#528 = DIRECTION('',(-1.972152263053E-31,1.));
#529 = ( GEOMETRIC_REPRESENTATION_CONTEXT(2) 
PARAMETRIC_REPRESENTATION_CONTEXT() REPRESENTATION_CONTEXT('2D SPACE',''
  ) );
#530 = PCURVE('',#531,#536);
#531 = CONICAL_SURFACE('',#532,8.,0.785398163397);
#532 = AXIS2_PLACEMENT_3D('',#533,#534,#535);
#533 = CARTESIAN_POINT('',(8.,112.,7.5));
#534 = DIRECTION('',(4.440892098501E-16,-1.33226762955E-15,-1.));
#535 = DIRECTION('',(-1.,-1.7763568394E-15,-4.440892098501E-16));
#536 = DEFINITIONAL_REPRESENTATION('',(#537),#541);
#537 = LINE('',#538,#539);
#538 = CARTESIAN_POINT('',(0.,-0.25));
#539 = VECTOR('',#540,1.);
#540 = DIRECTION('',(0.,1.));
#541 = ( GEOMETRIC_REPRESENTATION_CONTEXT(2) 
PARAMETRIC_REPRESENTATION_CONTEXT() REPRESENTATION_CONTEXT('2D SPACE',''
  ) );
#542 = ORIENTED_EDGE('',*,*,#191,.F.);
#543 = ADVANCED_FACE('',(#544),#123,.T.);
#544 = FACE_BOUND('',#545,.T.);
#545 = EDGE_LOOP('',(#546,#569,#596,#597));
#546 = ORIENTED_EDGE('',*,*,#547,.F.);
#547 = EDGE_CURVE('',#548,#103,#550,.T.);
#548 = VERTEX_POINT('',#549);
#549 = CARTESIAN_POINT('',(0.5,8.,-1.68753899743E-14));
#550 = SURFACE_CURVE('',#551,(#555,#562),.PCURVE_S1.);
#551 = LINE('',#552,#553);
#552 = CARTESIAN_POINT('',(0.25,8.,0.25));
#553 = VECTOR('',#554,1.);
#554 = DIRECTION('',(-0.707106781187,9.420554752103E-16,0.707106781187)
  );
#555 = PCURVE('',#123,#556);
#556 = DEFINITIONAL_REPRESENTATION('',(#557),#561);
#557 = LINE('',#558,#559);
#558 = CARTESIAN_POINT('',(-0.,-0.25));
#559 = VECTOR('',#560,1.);
#560 = DIRECTION('',(-0.,-1.));
#561 = ( GEOMETRIC_REPRESENTATION_CONTEXT(2) 
PARAMETRIC_REPRESENTATION_CONTEXT() REPRESENTATION_CONTEXT('2D SPACE',''
  ) );
#562 = PCURVE('',#151,#563);
#563 = DEFINITIONAL_REPRESENTATION('',(#564),#568);
#564 = LINE('',#565,#566);
#565 = CARTESIAN_POINT('',(104.,1.962615573349E-17));
#566 = VECTOR('',#567,1.);
#567 = DIRECTION('',(4.930380657631E-32,1.));
#568 = ( GEOMETRIC_REPRESENTATION_CONTEXT(2) 
PARAMETRIC_REPRESENTATION_CONTEXT() REPRESENTATION_CONTEXT('2D SPACE',''
  ) );
#569 = ORIENTED_EDGE('',*,*,#570,.T.);
#570 = EDGE_CURVE('',#548,#413,#571,.T.);
#571 = SURFACE_CURVE('',#572,(#577,#584),.PCURVE_S1.);
#572 = CIRCLE('',#573,8.);
#573 = AXIS2_PLACEMENT_3D('',#574,#575,#576);
#574 = CARTESIAN_POINT('',(0.5,8.,8.));
#575 = DIRECTION('',(-1.,-1.010728034814E-30,-1.33226762955E-15));
#576 = DIRECTION('',(1.33226762955E-15,-2.109423746788E-15,-1.));
#577 = PCURVE('',#123,#578);
#578 = DEFINITIONAL_REPRESENTATION('',(#579),#583);
#579 = LINE('',#580,#581);
#580 = CARTESIAN_POINT('',(-0.,-0.));
#581 = VECTOR('',#582,1.);
#582 = DIRECTION('',(-1.,-0.));
#583 = ( GEOMETRIC_REPRESENTATION_CONTEXT(2) 
PARAMETRIC_REPRESENTATION_CONTEXT() REPRESENTATION_CONTEXT('2D SPACE',''
  ) );
#584 = PCURVE('',#585,#590);
#585 = CYLINDRICAL_SURFACE('',#586,8.);
#586 = AXIS2_PLACEMENT_3D('',#587,#588,#589);
#587 = CARTESIAN_POINT('',(-1.7763568394E-14,8.,8.));
#588 = DIRECTION('',(1.,-1.554312234475E-15,-2.22044604925E-16));
#589 = DIRECTION('',(4.440892098501E-16,-1.,1.7763568394E-15));
#590 = DEFINITIONAL_REPRESENTATION('',(#591),#595);
#591 = LINE('',#592,#593);
#592 = CARTESIAN_POINT('',(1.570796326795,0.5));
#593 = VECTOR('',#594,1.);
#594 = DIRECTION('',(-1.,-0.));
#595 = ( GEOMETRIC_REPRESENTATION_CONTEXT(2) 
PARAMETRIC_REPRESENTATION_CONTEXT() REPRESENTATION_CONTEXT('2D SPACE',''
  ) );
#596 = ORIENTED_EDGE('',*,*,#412,.T.);
#597 = ORIENTED_EDGE('',*,*,#102,.F.);
#598 = ADVANCED_FACE('',(#599),#179,.T.);
#599 = FACE_BOUND('',#600,.T.);
#600 = EDGE_LOOP('',(#601,#631,#658,#659));
#601 = ORIENTED_EDGE('',*,*,#602,.F.);
#602 = EDGE_CURVE('',#603,#605,#607,.T.);
#603 = VERTEX_POINT('',#604);
#604 = CARTESIAN_POINT('',(8.,120.,0.5));
#605 = VERTEX_POINT('',#606);
#606 = CARTESIAN_POINT('',(8.,120.,7.5));
#607 = SURFACE_CURVE('',#608,(#612,#619),.PCURVE_S1.);
#608 = LINE('',#609,#610);
#609 = CARTESIAN_POINT('',(8.,120.,-2.39808173319E-13));
#610 = VECTOR('',#611,1.);
#611 = DIRECTION('',(-1.998401444325E-15,-2.22044604925E-16,1.));
#612 = PCURVE('',#179,#613);
#613 = DEFINITIONAL_REPRESENTATION('',(#614),#618);
#614 = LINE('',#615,#616);
#615 = CARTESIAN_POINT('',(0.,0.));
#616 = VECTOR('',#617,1.);
#617 = DIRECTION('',(0.,1.));
#618 = ( GEOMETRIC_REPRESENTATION_CONTEXT(2) 
PARAMETRIC_REPRESENTATION_CONTEXT() REPRESENTATION_CONTEXT('2D SPACE',''
  ) );
#619 = PCURVE('',#620,#625);
#620 = PLANE('',#621);
#621 = AXIS2_PLACEMENT_3D('',#622,#623,#624);
#622 = CARTESIAN_POINT('',(-7.993605777301E-14,120.,-2.39808173319E-13)
  );
#623 = DIRECTION('',(4.440892098501E-16,-1.,1.7763568394E-15));
#624 = DIRECTION('',(-1.998401444325E-15,-2.22044604925E-16,1.));
#625 = DEFINITIONAL_REPRESENTATION('',(#626),#630);
#626 = LINE('',#627,#628);
#627 = CARTESIAN_POINT('',(-1.06581410364E-14,-8.));
#628 = VECTOR('',#629,1.);
#629 = DIRECTION('',(1.,1.33226762955E-15));
#630 = ( GEOMETRIC_REPRESENTATION_CONTEXT(2) 
PARAMETRIC_REPRESENTATION_CONTEXT() REPRESENTATION_CONTEXT('2D SPACE',''
  ) );
#631 = ORIENTED_EDGE('',*,*,#632,.T.);
#632 = EDGE_CURVE('',#603,#136,#633,.T.);
#633 = SURFACE_CURVE('',#634,(#639,#646),.PCURVE_S1.);
#634 = CIRCLE('',#635,8.);
#635 = AXIS2_PLACEMENT_3D('',#636,#637,#638);
#636 = CARTESIAN_POINT('',(8.,112.,0.5));
#637 = DIRECTION('',(-4.440892098501E-16,1.33226762955E-15,1.));
#638 = DIRECTION('',(9.547918011776E-15,1.,-1.33226762955E-15));
#639 = PCURVE('',#179,#640);
#640 = DEFINITIONAL_REPRESENTATION('',(#641),#645);
#641 = LINE('',#642,#643);
#642 = CARTESIAN_POINT('',(6.661338147751E-16,0.5));
#643 = VECTOR('',#644,1.);
#644 = DIRECTION('',(1.,0.));
#645 = ( GEOMETRIC_REPRESENTATION_CONTEXT(2) 
PARAMETRIC_REPRESENTATION_CONTEXT() REPRESENTATION_CONTEXT('2D SPACE',''
  ) );
#646 = PCURVE('',#647,#652);
#647 = CONICAL_SURFACE('',#648,8.,0.785398163397);
#648 = AXIS2_PLACEMENT_3D('',#649,#650,#651);
#649 = CARTESIAN_POINT('',(8.,112.,0.5));
#650 = DIRECTION('',(-4.440892098501E-16,1.33226762955E-15,1.));
#651 = DIRECTION('',(9.547918011776E-15,1.,-1.33226762955E-15));
#652 = DEFINITIONAL_REPRESENTATION('',(#653),#657);
#653 = LINE('',#654,#655);
#654 = CARTESIAN_POINT('',(0.,0.));
#655 = VECTOR('',#656,1.);
#656 = DIRECTION('',(1.,0.));
#657 = ( GEOMETRIC_REPRESENTATION_CONTEXT(2) 
PARAMETRIC_REPRESENTATION_CONTEXT() REPRESENTATION_CONTEXT('2D SPACE',''
  ) );
#658 = ORIENTED_EDGE('',*,*,#163,.T.);
#659 = ORIENTED_EDGE('',*,*,#660,.T.);
#660 = EDGE_CURVE('',#164,#605,#661,.T.);
#661 = SURFACE_CURVE('',#662,(#667,#674),.PCURVE_S1.);
#662 = CIRCLE('',#663,8.);
#663 = AXIS2_PLACEMENT_3D('',#664,#665,#666);
#664 = CARTESIAN_POINT('',(8.,112.,7.5));
#665 = DIRECTION('',(4.440892098501E-16,-1.33226762955E-15,-1.));
#666 = DIRECTION('',(-1.,-1.7763568394E-15,-4.440892098501E-16));
#667 = PCURVE('',#179,#668);
#668 = DEFINITIONAL_REPRESENTATION('',(#669),#673);
#669 = LINE('',#670,#671);
#670 = CARTESIAN_POINT('',(1.570796326795,7.5));
#671 = VECTOR('',#672,1.);
#672 = DIRECTION('',(-1.,-0.));
#673 = ( GEOMETRIC_REPRESENTATION_CONTEXT(2) 
PARAMETRIC_REPRESENTATION_CONTEXT() REPRESENTATION_CONTEXT('2D SPACE',''
  ) );
#674 = PCURVE('',#531,#675);
#675 = DEFINITIONAL_REPRESENTATION('',(#676),#680);
#676 = LINE('',#677,#678);
#677 = CARTESIAN_POINT('',(0.,0.));
#678 = VECTOR('',#679,1.);
#679 = DIRECTION('',(1.,0.));
#680 = ( GEOMETRIC_REPRESENTATION_CONTEXT(2) 
PARAMETRIC_REPRESENTATION_CONTEXT() REPRESENTATION_CONTEXT('2D SPACE',''
  ) );
#681 = ADVANCED_FACE('',(#682),#151,.T.);
#682 = FACE_BOUND('',#683,.T.);
#683 = EDGE_LOOP('',(#684,#707,#733,#734));
#684 = ORIENTED_EDGE('',*,*,#685,.F.);
#685 = EDGE_CURVE('',#686,#136,#688,.T.);
#686 = VERTEX_POINT('',#687);
#687 = CARTESIAN_POINT('',(0.5,112.,-1.487143741485E-13));
#688 = SURFACE_CURVE('',#689,(#693,#700),.PCURVE_S1.);
#689 = LINE('',#690,#691);
#690 = CARTESIAN_POINT('',(-5.512257317264E-14,112.,0.5));
#691 = VECTOR('',#692,1.);
#692 = DIRECTION('',(-0.707106781187,8.050769342099E-15,0.707106781187)
  );
#693 = PCURVE('',#151,#694);
#694 = DEFINITIONAL_REPRESENTATION('',(#695),#699);
#695 = LINE('',#696,#697);
#696 = CARTESIAN_POINT('',(-5.651035195342E-14,0.353553390593));
#697 = VECTOR('',#698,1.);
#698 = DIRECTION('',(-7.108713866889E-15,1.));
#699 = ( GEOMETRIC_REPRESENTATION_CONTEXT(2) 
PARAMETRIC_REPRESENTATION_CONTEXT() REPRESENTATION_CONTEXT('2D SPACE',''
  ) );
#700 = PCURVE('',#647,#701);
#701 = DEFINITIONAL_REPRESENTATION('',(#702),#706);
#702 = LINE('',#703,#704);
#703 = CARTESIAN_POINT('',(1.570796326795,0.));
#704 = VECTOR('',#705,1.);
#705 = DIRECTION('',(0.,1.));
#706 = ( GEOMETRIC_REPRESENTATION_CONTEXT(2) 
PARAMETRIC_REPRESENTATION_CONTEXT() REPRESENTATION_CONTEXT('2D SPACE',''
  ) );
#707 = ORIENTED_EDGE('',*,*,#708,.T.);
#708 = EDGE_CURVE('',#686,#548,#709,.T.);
#709 = SURFACE_CURVE('',#710,(#714,#721),.PCURVE_S1.);
#710 = LINE('',#711,#712);
#711 = CARTESIAN_POINT('',(0.5,112.,-7.398526236102E-14));
#712 = VECTOR('',#713,1.);
#713 = DIRECTION('',(-7.642090019329E-31,-1.,1.33226762955E-15));
#714 = PCURVE('',#151,#715);
#715 = DEFINITIONAL_REPRESENTATION('',(#716),#720);
#716 = LINE('',#717,#718);
#717 = CARTESIAN_POINT('',(-3.330669073875E-16,-0.353553390593));
#718 = VECTOR('',#719,1.);
#719 = DIRECTION('',(1.,-1.479114197289E-31));
#720 = ( GEOMETRIC_REPRESENTATION_CONTEXT(2) 
PARAMETRIC_REPRESENTATION_CONTEXT() REPRESENTATION_CONTEXT('2D SPACE',''
  ) );
#721 = PCURVE('',#722,#727);
#722 = PLANE('',#723);
#723 = AXIS2_PLACEMENT_3D('',#724,#725,#726);
#724 = CARTESIAN_POINT('',(0.,0.,0.));
#725 = DIRECTION('',(-1.7763568394E-15,1.627025617018E-30,1.));
#726 = DIRECTION('',(-6.661338147751E-16,1.,-1.998401444325E-15));
#727 = DEFINITIONAL_REPRESENTATION('',(#728),#732);
#728 = LINE('',#729,#730);
#729 = CARTESIAN_POINT('',(112.,-0.5));
#730 = VECTOR('',#731,1.);
#731 = DIRECTION('',(-1.,-1.33226762955E-15));
#732 = ( GEOMETRIC_REPRESENTATION_CONTEXT(2) 
PARAMETRIC_REPRESENTATION_CONTEXT() REPRESENTATION_CONTEXT('2D SPACE',''
  ) );
#733 = ORIENTED_EDGE('',*,*,#547,.T.);
#734 = ORIENTED_EDGE('',*,*,#135,.F.);
#735 = ADVANCED_FACE('',(#736),#266,.F.);
#736 = FACE_BOUND('',#737,.F.);
#737 = EDGE_LOOP('',(#738,#739,#767,#795));
#738 = ORIENTED_EDGE('',*,*,#248,.F.);
#739 = ORIENTED_EDGE('',*,*,#740,.T.);
#740 = EDGE_CURVE('',#249,#741,#743,.T.);
#741 = VERTEX_POINT('',#742);
#742 = CARTESIAN_POINT('',(52.,7.5,80.));
#743 = SURFACE_CURVE('',#744,(#748,#755),.PCURVE_S1.);
#744 = LINE('',#745,#746);
#745 = CARTESIAN_POINT('',(8.,7.5,80.));
#746 = VECTOR('',#747,1.);
#747 = DIRECTION('',(1.,-8.881784197001E-16,4.440892098501E-16));
#748 = PCURVE('',#266,#749);
#749 = DEFINITIONAL_REPRESENTATION('',(#750),#754);
#750 = LINE('',#751,#752);
#751 = CARTESIAN_POINT('',(0.5,-8.));
#752 = VECTOR('',#753,1.);
#753 = DIRECTION('',(1.554312234475E-15,-1.));
#754 = ( GEOMETRIC_REPRESENTATION_CONTEXT(2) 
PARAMETRIC_REPRESENTATION_CONTEXT() REPRESENTATION_CONTEXT('2D SPACE',''
  ) );
#755 = PCURVE('',#756,#761);
#756 = PLANE('',#757);
#757 = AXIS2_PLACEMENT_3D('',#758,#759,#760);
#758 = CARTESIAN_POINT('',(8.,7.75,79.75));
#759 = DIRECTION('',(4.670732822178E-17,0.707106781187,0.707106781187));
#760 = DIRECTION('',(-1.,6.991608832918E-16,-6.331067462584E-16));
#761 = DEFINITIONAL_REPRESENTATION('',(#762),#766);
#762 = LINE('',#763,#764);
#763 = CARTESIAN_POINT('',(-3.330669073875E-16,0.353553390593));
#764 = VECTOR('',#765,1.);
#765 = DIRECTION('',(-1.,1.972152263053E-31));
#766 = ( GEOMETRIC_REPRESENTATION_CONTEXT(2) 
PARAMETRIC_REPRESENTATION_CONTEXT() REPRESENTATION_CONTEXT('2D SPACE',''
  ) );
#767 = ORIENTED_EDGE('',*,*,#768,.T.);
#768 = EDGE_CURVE('',#741,#769,#771,.T.);
#769 = VERTEX_POINT('',#770);
#770 = CARTESIAN_POINT('',(52.,0.5,80.));
#771 = SURFACE_CURVE('',#772,(#776,#783),.PCURVE_S1.);
#772 = LINE('',#773,#774);
#773 = CARTESIAN_POINT('',(52.,8.,80.));
#774 = VECTOR('',#775,1.);
#775 = DIRECTION('',(6.661338147751E-16,-1.,1.998401444325E-15));
#776 = PCURVE('',#266,#777);
#777 = DEFINITIONAL_REPRESENTATION('',(#778),#782);
#778 = LINE('',#779,#780);
#779 = CARTESIAN_POINT('',(8.215650382226E-14,-52.));
#780 = VECTOR('',#781,1.);
#781 = DIRECTION('',(1.,-1.33226762955E-15));
#782 = ( GEOMETRIC_REPRESENTATION_CONTEXT(2) 
PARAMETRIC_REPRESENTATION_CONTEXT() REPRESENTATION_CONTEXT('2D SPACE',''
  ) );
#783 = PCURVE('',#784,#789);
#784 = CYLINDRICAL_SURFACE('',#785,8.);
#785 = AXIS2_PLACEMENT_3D('',#786,#787,#788);
#786 = CARTESIAN_POINT('',(52.,8.,72.));
#787 = DIRECTION('',(6.661338147751E-16,-1.,1.998401444325E-15));
#788 = DIRECTION('',(-1.7763568394E-15,1.627025617018E-30,1.));
#789 = DEFINITIONAL_REPRESENTATION('',(#790),#794);
#790 = LINE('',#791,#792);
#791 = CARTESIAN_POINT('',(-0.,0.));
#792 = VECTOR('',#793,1.);
#793 = DIRECTION('',(-0.,1.));
#794 = ( GEOMETRIC_REPRESENTATION_CONTEXT(2) 
PARAMETRIC_REPRESENTATION_CONTEXT() REPRESENTATION_CONTEXT('2D SPACE',''
  ) );
#795 = ORIENTED_EDGE('',*,*,#796,.F.);
#796 = EDGE_CURVE('',#251,#769,#797,.T.);
#797 = SURFACE_CURVE('',#798,(#802,#809),.PCURVE_S1.);
#798 = LINE('',#799,#800);
#799 = CARTESIAN_POINT('',(8.,0.5,80.));
#800 = VECTOR('',#801,1.);
#801 = DIRECTION('',(1.,-8.881784197001E-16,4.440892098501E-16));
#802 = PCURVE('',#266,#803);
#803 = DEFINITIONAL_REPRESENTATION('',(#804),#808);
#804 = LINE('',#805,#806);
#805 = CARTESIAN_POINT('',(7.5,-8.));
#806 = VECTOR('',#807,1.);
#807 = DIRECTION('',(1.554312234475E-15,-1.));
#808 = ( GEOMETRIC_REPRESENTATION_CONTEXT(2) 
PARAMETRIC_REPRESENTATION_CONTEXT() REPRESENTATION_CONTEXT('2D SPACE',''
  ) );
#809 = PCURVE('',#810,#815);
#810 = PLANE('',#811);
#811 = AXIS2_PLACEMENT_3D('',#812,#813,#814);
#812 = CARTESIAN_POINT('',(8.,0.25,79.75));
#813 = DIRECTION('',(-1.240193280881E-15,-0.707106781187,0.707106781187)
  );
#814 = DIRECTION('',(1.,-1.098993683818E-15,6.549044739681E-16));
#815 = DEFINITIONAL_REPRESENTATION('',(#816),#820);
#816 = LINE('',#817,#818);
#817 = CARTESIAN_POINT('',(-1.110223024625E-16,0.353553390593));
#818 = VECTOR('',#819,1.);
#819 = DIRECTION('',(1.,0.));
#820 = ( GEOMETRIC_REPRESENTATION_CONTEXT(2) 
PARAMETRIC_REPRESENTATION_CONTEXT() REPRESENTATION_CONTEXT('2D SPACE',''
  ) );
#821 = ADVANCED_FACE('',(#822),#293,.T.);
#822 = FACE_BOUND('',#823,.F.);
#823 = EDGE_LOOP('',(#824,#825,#853,#874));
#824 = ORIENTED_EDGE('',*,*,#387,.F.);
#825 = ORIENTED_EDGE('',*,*,#826,.T.);
#826 = EDGE_CURVE('',#360,#827,#829,.T.);
#827 = VERTEX_POINT('',#828);
#828 = CARTESIAN_POINT('',(8.,8.,79.5));
#829 = SURFACE_CURVE('',#830,(#835,#842),.PCURVE_S1.);
#830 = CIRCLE('',#831,7.5);
#831 = AXIS2_PLACEMENT_3D('',#832,#833,#834);
#832 = CARTESIAN_POINT('',(8.,8.,72.));
#833 = DIRECTION('',(8.881784197001E-16,1.,-4.440892098501E-16));
#834 = DIRECTION('',(-1.,8.881784197001E-16,1.665334536938E-15));
#835 = PCURVE('',#293,#836);
#836 = DEFINITIONAL_REPRESENTATION('',(#837),#841);
#837 = LINE('',#838,#839);
#838 = CARTESIAN_POINT('',(-0.,-0.5));
#839 = VECTOR('',#840,1.);
#840 = DIRECTION('',(-1.,0.));
#841 = ( GEOMETRIC_REPRESENTATION_CONTEXT(2) 
PARAMETRIC_REPRESENTATION_CONTEXT() REPRESENTATION_CONTEXT('2D SPACE',''
  ) );
#842 = PCURVE('',#375,#843);
#843 = DEFINITIONAL_REPRESENTATION('',(#844),#852);
#844 = ( BOUNDED_CURVE() B_SPLINE_CURVE(2,(#845,#846,#847,#848,#849,#850
,#851),.UNSPECIFIED.,.T.,.F.) B_SPLINE_CURVE_WITH_KNOTS((1,2,2,2,2,1),(
    -2.094395102393,0.,2.094395102393,4.188790204786,6.28318530718,
8.377580409573),.UNSPECIFIED.) CURVE() GEOMETRIC_REPRESENTATION_ITEM() 
RATIONAL_B_SPLINE_CURVE((1.,0.5,1.,0.5,1.,0.5,1.)) REPRESENTATION_ITEM(
  '') );
#845 = CARTESIAN_POINT('',(64.,-0.5));
#846 = CARTESIAN_POINT('',(76.990381056767,-0.5));
#847 = CARTESIAN_POINT('',(70.495190528383,-11.75));
#848 = CARTESIAN_POINT('',(64.,-23.));
#849 = CARTESIAN_POINT('',(57.504809471617,-11.75));
#850 = CARTESIAN_POINT('',(51.009618943233,-0.5));
#851 = CARTESIAN_POINT('',(64.,-0.5));
#852 = ( GEOMETRIC_REPRESENTATION_CONTEXT(2) 
PARAMETRIC_REPRESENTATION_CONTEXT() REPRESENTATION_CONTEXT('2D SPACE',''
  ) );
#853 = ORIENTED_EDGE('',*,*,#854,.T.);
#854 = EDGE_CURVE('',#827,#249,#855,.T.);
#855 = SURFACE_CURVE('',#856,(#860,#867),.PCURVE_S1.);
#856 = LINE('',#857,#858);
#857 = CARTESIAN_POINT('',(8.,7.5,80.));
#858 = VECTOR('',#859,1.);
#859 = DIRECTION('',(-7.498394092195E-16,-0.707106781187,0.707106781187)
  );
#860 = PCURVE('',#293,#861);
#861 = DEFINITIONAL_REPRESENTATION('',(#862),#866);
#862 = LINE('',#863,#864);
#863 = CARTESIAN_POINT('',(-1.570796326795,0.));
#864 = VECTOR('',#865,1.);
#865 = DIRECTION('',(-0.,1.));
#866 = ( GEOMETRIC_REPRESENTATION_CONTEXT(2) 
PARAMETRIC_REPRESENTATION_CONTEXT() REPRESENTATION_CONTEXT('2D SPACE',''
  ) );
#867 = PCURVE('',#756,#868);
#868 = DEFINITIONAL_REPRESENTATION('',(#869),#873);
#869 = LINE('',#870,#871);
#870 = CARTESIAN_POINT('',(3.608224830032E-14,0.353553390593));
#871 = VECTOR('',#872,1.);
#872 = DIRECTION('',(-1.922160659908E-16,1.));
#873 = ( GEOMETRIC_REPRESENTATION_CONTEXT(2) 
PARAMETRIC_REPRESENTATION_CONTEXT() REPRESENTATION_CONTEXT('2D SPACE',''
  ) );
#874 = ORIENTED_EDGE('',*,*,#278,.F.);
#875 = ADVANCED_FACE('',(#876),#321,.T.);
#876 = FACE_BOUND('',#877,.T.);
#877 = EDGE_LOOP('',(#878,#879,#903,#924));
#878 = ORIENTED_EDGE('',*,*,#463,.F.);
#879 = ORIENTED_EDGE('',*,*,#880,.T.);
#880 = EDGE_CURVE('',#436,#881,#883,.T.);
#881 = VERTEX_POINT('',#882);
#882 = CARTESIAN_POINT('',(8.,3.158584505059E-14,79.5));
#883 = SURFACE_CURVE('',#884,(#889,#896),.PCURVE_S1.);
#884 = CIRCLE('',#885,7.5);
#885 = AXIS2_PLACEMENT_3D('',#886,#887,#888);
#886 = CARTESIAN_POINT('',(8.,2.48689957516E-14,72.));
#887 = DIRECTION('',(8.881784197001E-16,1.,-4.440892098501E-16));
#888 = DIRECTION('',(-1.,8.881784197001E-16,3.441691376338E-15));
#889 = PCURVE('',#321,#890);
#890 = DEFINITIONAL_REPRESENTATION('',(#891),#895);
#891 = LINE('',#892,#893);
#892 = CARTESIAN_POINT('',(0.,-0.5));
#893 = VECTOR('',#894,1.);
#894 = DIRECTION('',(1.,0.));
#895 = ( GEOMETRIC_REPRESENTATION_CONTEXT(2) 
PARAMETRIC_REPRESENTATION_CONTEXT() REPRESENTATION_CONTEXT('2D SPACE',''
  ) );
#896 = PCURVE('',#451,#897);
#897 = DEFINITIONAL_REPRESENTATION('',(#898),#902);
#898 = CIRCLE('',#899,7.5);
#899 = AXIS2_PLACEMENT_2D('',#900,#901);
#900 = CARTESIAN_POINT('',(8.,-8.));
#901 = DIRECTION('',(-5.440092820663E-15,1.));
#902 = ( GEOMETRIC_REPRESENTATION_CONTEXT(2) 
PARAMETRIC_REPRESENTATION_CONTEXT() REPRESENTATION_CONTEXT('2D SPACE',''
  ) );
#903 = ORIENTED_EDGE('',*,*,#904,.T.);
#904 = EDGE_CURVE('',#881,#251,#905,.T.);
#905 = SURFACE_CURVE('',#906,(#910,#917),.PCURVE_S1.);
#906 = LINE('',#907,#908);
#907 = CARTESIAN_POINT('',(8.,0.25,79.75));
#908 = VECTOR('',#909,1.);
#909 = DIRECTION('',(3.140184917368E-16,0.707106781187,0.707106781187));
#910 = PCURVE('',#321,#911);
#911 = DEFINITIONAL_REPRESENTATION('',(#912),#916);
#912 = LINE('',#913,#914);
#913 = CARTESIAN_POINT('',(1.570796326795,-0.25));
#914 = VECTOR('',#915,1.);
#915 = DIRECTION('',(0.,1.));
#916 = ( GEOMETRIC_REPRESENTATION_CONTEXT(2) 
PARAMETRIC_REPRESENTATION_CONTEXT() REPRESENTATION_CONTEXT('2D SPACE',''
  ) );
#917 = PCURVE('',#810,#918);
#918 = DEFINITIONAL_REPRESENTATION('',(#919),#923);
#919 = LINE('',#920,#921);
#920 = CARTESIAN_POINT('',(-1.33226762955E-14,-4.183566716211E-30));
#921 = VECTOR('',#922,1.);
#922 = DIRECTION('',(-9.860761315263E-32,1.));
#923 = ( GEOMETRIC_REPRESENTATION_CONTEXT(2) 
PARAMETRIC_REPRESENTATION_CONTEXT() REPRESENTATION_CONTEXT('2D SPACE',''
  ) );
#924 = ORIENTED_EDGE('',*,*,#306,.F.);
#925 = ADVANCED_FACE('',(#926,#1361,#1396),#375,.F.);
#926 = FACE_BOUND('',#927,.F.);
#927 = EDGE_LOOP('',(#928,#953,#981,#1014,#1035,#1036,#1037,#1060,#1088,
    #1116,#1144,#1172,#1200,#1223,#1251,#1279,#1307,#1335));
#928 = ORIENTED_EDGE('',*,*,#929,.T.);
#929 = EDGE_CURVE('',#930,#932,#934,.T.);
#930 = VERTEX_POINT('',#931);
#931 = CARTESIAN_POINT('',(50.,8.,8.));
#932 = VERTEX_POINT('',#933);
#933 = CARTESIAN_POINT('',(59.5,8.,8.));
#934 = SURFACE_CURVE('',#935,(#939,#946),.PCURVE_S1.);
#935 = LINE('',#936,#937);
#936 = CARTESIAN_POINT('',(-2.13162820728E-14,8.,8.));
#937 = VECTOR('',#938,1.);
#938 = DIRECTION('',(1.,-1.554312234475E-15,-2.22044604925E-16));
#939 = PCURVE('',#375,#940);
#940 = DEFINITIONAL_REPRESENTATION('',(#941),#945);
#941 = LINE('',#942,#943);
#942 = CARTESIAN_POINT('',(0.,0.));
#943 = VECTOR('',#944,1.);
#944 = DIRECTION('',(-1.554312234475E-15,-1.));
#945 = ( GEOMETRIC_REPRESENTATION_CONTEXT(2) 
PARAMETRIC_REPRESENTATION_CONTEXT() REPRESENTATION_CONTEXT('2D SPACE',''
  ) );
#946 = PCURVE('',#505,#947);
#947 = DEFINITIONAL_REPRESENTATION('',(#948),#952);
#948 = LINE('',#949,#950);
#949 = CARTESIAN_POINT('',(112.,-1.492139745096E-13));
#950 = VECTOR('',#951,1.);
#951 = DIRECTION('',(1.554312234475E-15,-1.));
#952 = ( GEOMETRIC_REPRESENTATION_CONTEXT(2) 
PARAMETRIC_REPRESENTATION_CONTEXT() REPRESENTATION_CONTEXT('2D SPACE',''
  ) );
#953 = ORIENTED_EDGE('',*,*,#954,.F.);
#954 = EDGE_CURVE('',#955,#932,#957,.T.);
#955 = VERTEX_POINT('',#956);
#956 = CARTESIAN_POINT('',(59.5,8.,72.));
#957 = SURFACE_CURVE('',#958,(#962,#969),.PCURVE_S1.);
#958 = LINE('',#959,#960);
#959 = CARTESIAN_POINT('',(59.5,8.,72.));
#960 = VECTOR('',#961,1.);
#961 = DIRECTION('',(1.33226762955E-15,-4.440892098501E-16,-1.));
#962 = PCURVE('',#375,#963);
#963 = DEFINITIONAL_REPRESENTATION('',(#964),#968);
#964 = LINE('',#965,#966);
#965 = CARTESIAN_POINT('',(64.,-59.5));
#966 = VECTOR('',#967,1.);
#967 = DIRECTION('',(-1.,-1.33226762955E-15));
#968 = ( GEOMETRIC_REPRESENTATION_CONTEXT(2) 
PARAMETRIC_REPRESENTATION_CONTEXT() REPRESENTATION_CONTEXT('2D SPACE',''
  ) );
#969 = PCURVE('',#970,#975);
#970 = PLANE('',#971);
#971 = AXIS2_PLACEMENT_3D('',#972,#973,#974);
#972 = CARTESIAN_POINT('',(59.75,7.75,72.));
#973 = DIRECTION('',(-0.707106781187,-0.707106781187,6.260597557798E-16)
  );
#974 = DIRECTION('',(4.454873209602E-16,-1.33086951844E-15,-1.));
#975 = DEFINITIONAL_REPRESENTATION('',(#976),#980);
#976 = LINE('',#977,#978);
#977 = CARTESIAN_POINT('',(-4.440892098501E-16,-0.353553390593));
#978 = VECTOR('',#979,1.);
#979 = DIRECTION('',(1.,-1.972152263053E-31));
#980 = ( GEOMETRIC_REPRESENTATION_CONTEXT(2) 
PARAMETRIC_REPRESENTATION_CONTEXT() REPRESENTATION_CONTEXT('2D SPACE',''
  ) );
#981 = ORIENTED_EDGE('',*,*,#982,.F.);
#982 = EDGE_CURVE('',#983,#955,#985,.T.);
#983 = VERTEX_POINT('',#984);
#984 = CARTESIAN_POINT('',(52.,8.,79.5));
#985 = SURFACE_CURVE('',#986,(#991,#1002),.PCURVE_S1.);
#986 = CIRCLE('',#987,7.5);
#987 = AXIS2_PLACEMENT_3D('',#988,#989,#990);
#988 = CARTESIAN_POINT('',(52.,8.,72.));
#989 = DIRECTION('',(8.881784197001E-16,1.,-4.440892098501E-16));
#990 = DIRECTION('',(3.441691376338E-15,4.440892098501E-16,1.));
#991 = PCURVE('',#375,#992);
#992 = DEFINITIONAL_REPRESENTATION('',(#993),#1001);
#993 = ( BOUNDED_CURVE() B_SPLINE_CURVE(2,(#994,#995,#996,#997,#998,#999
,#1000),.UNSPECIFIED.,.T.,.F.) B_SPLINE_CURVE_WITH_KNOTS((1,2,2,2,2,1),(
    -2.094395102393,0.,2.094395102393,4.188790204786,6.28318530718,
8.377580409573),.UNSPECIFIED.) CURVE() GEOMETRIC_REPRESENTATION_ITEM() 
RATIONAL_B_SPLINE_CURVE((1.,0.5,1.,0.5,1.,0.5,1.)) REPRESENTATION_ITEM(
  '') );
#994 = CARTESIAN_POINT('',(71.5,-52.));
#995 = CARTESIAN_POINT('',(71.5,-64.99038105676));
#996 = CARTESIAN_POINT('',(60.25,-58.49519052838));
#997 = CARTESIAN_POINT('',(49.,-52.));
#998 = CARTESIAN_POINT('',(60.25,-45.50480947161));
#999 = CARTESIAN_POINT('',(71.5,-39.00961894323));
#1000 = CARTESIAN_POINT('',(71.5,-52.));
#1001 = ( GEOMETRIC_REPRESENTATION_CONTEXT(2) 
PARAMETRIC_REPRESENTATION_CONTEXT() REPRESENTATION_CONTEXT('2D SPACE',''
  ) );
#1002 = PCURVE('',#1003,#1008);
#1003 = CONICAL_SURFACE('',#1004,8.,0.785398163397);
#1004 = AXIS2_PLACEMENT_3D('',#1005,#1006,#1007);
#1005 = CARTESIAN_POINT('',(52.,7.5,72.));
#1006 = DIRECTION('',(-8.881784197001E-16,-1.,4.440892098501E-16));
#1007 = DIRECTION('',(3.441691376338E-15,4.440892098501E-16,1.));
#1008 = DEFINITIONAL_REPRESENTATION('',(#1009),#1013);
#1009 = LINE('',#1010,#1011);
#1010 = CARTESIAN_POINT('',(-0.,-0.5));
#1011 = VECTOR('',#1012,1.);
#1012 = DIRECTION('',(-1.,0.));
#1013 = ( GEOMETRIC_REPRESENTATION_CONTEXT(2) 
PARAMETRIC_REPRESENTATION_CONTEXT() REPRESENTATION_CONTEXT('2D SPACE',''
  ) );
#1014 = ORIENTED_EDGE('',*,*,#1015,.F.);
#1015 = EDGE_CURVE('',#827,#983,#1016,.T.);
#1016 = SURFACE_CURVE('',#1017,(#1021,#1028),.PCURVE_S1.);
#1017 = LINE('',#1018,#1019);
#1018 = CARTESIAN_POINT('',(8.,8.,79.5));
#1019 = VECTOR('',#1020,1.);
#1020 = DIRECTION('',(1.,-8.881784197001E-16,4.440892098501E-16));
#1021 = PCURVE('',#375,#1022);
#1022 = DEFINITIONAL_REPRESENTATION('',(#1023),#1027);
#1023 = LINE('',#1024,#1025);
#1024 = CARTESIAN_POINT('',(71.5,-8.));
#1025 = VECTOR('',#1026,1.);
#1026 = DIRECTION('',(-1.554312234475E-15,-1.));
#1027 = ( GEOMETRIC_REPRESENTATION_CONTEXT(2) 
PARAMETRIC_REPRESENTATION_CONTEXT() REPRESENTATION_CONTEXT('2D SPACE',''
  ) );
#1028 = PCURVE('',#756,#1029);
#1029 = DEFINITIONAL_REPRESENTATION('',(#1030),#1034);
#1030 = LINE('',#1031,#1032);
#1031 = CARTESIAN_POINT('',(-5.551115123126E-16,-0.353553390593));
#1032 = VECTOR('',#1033,1.);
#1033 = DIRECTION('',(-1.,1.972152263053E-31));
#1034 = ( GEOMETRIC_REPRESENTATION_CONTEXT(2) 
PARAMETRIC_REPRESENTATION_CONTEXT() REPRESENTATION_CONTEXT('2D SPACE',''
  ) );
#1035 = ORIENTED_EDGE('',*,*,#826,.F.);
#1036 = ORIENTED_EDGE('',*,*,#359,.F.);
#1037 = ORIENTED_EDGE('',*,*,#1038,.T.);
#1038 = EDGE_CURVE('',#337,#1039,#1041,.T.);
#1039 = VERTEX_POINT('',#1040);
#1040 = CARTESIAN_POINT('',(10.,8.,8.));
#1041 = SURFACE_CURVE('',#1042,(#1046,#1053),.PCURVE_S1.);
#1042 = LINE('',#1043,#1044);
#1043 = CARTESIAN_POINT('',(-2.13162820728E-14,8.,8.));
#1044 = VECTOR('',#1045,1.);
#1045 = DIRECTION('',(1.,-1.554312234475E-15,-2.22044604925E-16));
#1046 = PCURVE('',#375,#1047);
#1047 = DEFINITIONAL_REPRESENTATION('',(#1048),#1052);
#1048 = LINE('',#1049,#1050);
#1049 = CARTESIAN_POINT('',(0.,0.));
#1050 = VECTOR('',#1051,1.);
#1051 = DIRECTION('',(-1.554312234475E-15,-1.));
#1052 = ( GEOMETRIC_REPRESENTATION_CONTEXT(2) 
PARAMETRIC_REPRESENTATION_CONTEXT() REPRESENTATION_CONTEXT('2D SPACE',''
  ) );
#1053 = PCURVE('',#505,#1054);
#1054 = DEFINITIONAL_REPRESENTATION('',(#1055),#1059);
#1055 = LINE('',#1056,#1057);
#1056 = CARTESIAN_POINT('',(112.,-1.492139745096E-13));
#1057 = VECTOR('',#1058,1.);
#1058 = DIRECTION('',(1.554312234475E-15,-1.));
#1059 = ( GEOMETRIC_REPRESENTATION_CONTEXT(2) 
PARAMETRIC_REPRESENTATION_CONTEXT() REPRESENTATION_CONTEXT('2D SPACE',''
  ) );
#1060 = ORIENTED_EDGE('',*,*,#1061,.T.);
#1061 = EDGE_CURVE('',#1039,#1062,#1064,.T.);
#1062 = VERTEX_POINT('',#1063);
#1063 = CARTESIAN_POINT('',(10.,8.,15.292893218813));
#1064 = SURFACE_CURVE('',#1065,(#1069,#1076),.PCURVE_S1.);
#1065 = LINE('',#1066,#1067);
#1066 = CARTESIAN_POINT('',(10.,8.,8.));
#1067 = VECTOR('',#1068,1.);
#1068 = DIRECTION('',(-5.551115123126E-16,7.771561172376E-16,1.));
#1069 = PCURVE('',#375,#1070);
#1070 = DEFINITIONAL_REPRESENTATION('',(#1071),#1075);
#1071 = LINE('',#1072,#1073);
#1072 = CARTESIAN_POINT('',(-9.769962616701E-15,-10.));
#1073 = VECTOR('',#1074,1.);
#1074 = DIRECTION('',(1.,5.551115123126E-16));
#1075 = ( GEOMETRIC_REPRESENTATION_CONTEXT(2) 
PARAMETRIC_REPRESENTATION_CONTEXT() REPRESENTATION_CONTEXT('2D SPACE',''
  ) );
#1076 = PCURVE('',#1077,#1082);
#1077 = PLANE('',#1078);
#1078 = AXIS2_PLACEMENT_3D('',#1079,#1080,#1081);
#1079 = CARTESIAN_POINT('',(10.,10.828427124746,10.828427124746));
#1080 = DIRECTION('',(1.,-4.440892098501E-16,-1.110223024625E-16));
#1081 = DIRECTION('',(-5.551115123126E-16,-1.110223024625E-16,1.));
#1082 = DEFINITIONAL_REPRESENTATION('',(#1083),#1087);
#1083 = LINE('',#1084,#1085);
#1084 = CARTESIAN_POINT('',(-2.828427124746,2.828427124746));
#1085 = VECTOR('',#1086,1.);
#1086 = DIRECTION('',(1.,-4.440892098501E-16));
#1087 = ( GEOMETRIC_REPRESENTATION_CONTEXT(2) 
PARAMETRIC_REPRESENTATION_CONTEXT() REPRESENTATION_CONTEXT('2D SPACE',''
  ) );
#1088 = ORIENTED_EDGE('',*,*,#1089,.F.);
#1089 = EDGE_CURVE('',#1090,#1062,#1092,.T.);
#1090 = VERTEX_POINT('',#1091);
#1091 = CARTESIAN_POINT('',(10.5,8.,16.));
#1092 = SURFACE_CURVE('',#1093,(#1097,#1104),.PCURVE_S1.);
#1093 = LINE('',#1094,#1095);
#1094 = CARTESIAN_POINT('',(6.781048583503,8.,10.740608468983));
#1095 = VECTOR('',#1096,1.);
#1096 = DIRECTION('',(-0.57735026919,-7.782957912481E-16,-0.816496580928
    ));
#1097 = PCURVE('',#375,#1098);
#1098 = DEFINITIONAL_REPRESENTATION('',(#1099),#1103);
#1099 = LINE('',#1100,#1101);
#1100 = CARTESIAN_POINT('',(2.740608468983,-6.781048583503));
#1101 = VECTOR('',#1102,1.);
#1102 = DIRECTION('',(-0.816496580928,0.57735026919));
#1103 = ( GEOMETRIC_REPRESENTATION_CONTEXT(2) 
PARAMETRIC_REPRESENTATION_CONTEXT() REPRESENTATION_CONTEXT('2D SPACE',''
  ) );
#1104 = PCURVE('',#1105,#1110);
#1105 = PLANE('',#1106);
#1106 = AXIS2_PLACEMENT_3D('',#1107,#1108,#1109);
#1107 = CARTESIAN_POINT('',(10.25,7.823223304703,15.823223304703));
#1108 = DIRECTION('',(-0.707106781187,0.5,0.5));
#1109 = DIRECTION('',(3.005492278592E-16,0.707106781187,-0.707106781187)
  );
#1110 = DEFINITIONAL_REPRESENTATION('',(#1111),#1115);
#1111 = LINE('',#1112,#1113);
#1112 = CARTESIAN_POINT('',(3.718951416497,4.905838140424));
#1113 = VECTOR('',#1114,1.);
#1114 = DIRECTION('',(0.57735026919,0.816496580928));
#1115 = ( GEOMETRIC_REPRESENTATION_CONTEXT(2) 
PARAMETRIC_REPRESENTATION_CONTEXT() REPRESENTATION_CONTEXT('2D SPACE',''
  ) );
#1116 = ORIENTED_EDGE('',*,*,#1117,.F.);
#1117 = EDGE_CURVE('',#1118,#1090,#1120,.T.);
#1118 = VERTEX_POINT('',#1119);
#1119 = CARTESIAN_POINT('',(14.5,8.,16.));
#1120 = SURFACE_CURVE('',#1121,(#1125,#1132),.PCURVE_S1.);
#1121 = LINE('',#1122,#1123);
#1122 = CARTESIAN_POINT('',(15.,8.,16.));
#1123 = VECTOR('',#1124,1.);
#1124 = DIRECTION('',(-1.,2.22044604925E-16,-1.110223024625E-16));
#1125 = PCURVE('',#375,#1126);
#1126 = DEFINITIONAL_REPRESENTATION('',(#1127),#1131);
#1127 = LINE('',#1128,#1129);
#1128 = CARTESIAN_POINT('',(8.,-15.));
#1129 = VECTOR('',#1130,1.);
#1130 = DIRECTION('',(1.887379141863E-15,1.));
#1131 = ( GEOMETRIC_REPRESENTATION_CONTEXT(2) 
PARAMETRIC_REPRESENTATION_CONTEXT() REPRESENTATION_CONTEXT('2D SPACE',''
  ) );
#1132 = PCURVE('',#1133,#1138);
#1133 = PLANE('',#1134);
#1134 = AXIS2_PLACEMENT_3D('',#1135,#1136,#1137);
#1135 = CARTESIAN_POINT('',(15.,8.,16.));
#1136 = DIRECTION('',(-7.850462293419E-17,-0.707106781187,
    -0.707106781187));
#1137 = DIRECTION('',(2.355138688026E-16,0.707106781187,-0.707106781187)
  );
#1138 = DEFINITIONAL_REPRESENTATION('',(#1139),#1143);
#1139 = LINE('',#1140,#1141);
#1140 = CARTESIAN_POINT('',(0.,0.));
#1141 = VECTOR('',#1142,1.);
#1142 = DIRECTION('',(-2.834968878138E-31,-1.));
#1143 = ( GEOMETRIC_REPRESENTATION_CONTEXT(2) 
PARAMETRIC_REPRESENTATION_CONTEXT() REPRESENTATION_CONTEXT('2D SPACE',''
  ) );
#1144 = ORIENTED_EDGE('',*,*,#1145,.F.);
#1145 = EDGE_CURVE('',#1146,#1118,#1148,.T.);
#1146 = VERTEX_POINT('',#1147);
#1147 = CARTESIAN_POINT('',(15.,8.,15.292893218813));
#1148 = SURFACE_CURVE('',#1149,(#1153,#1160),.PCURVE_S1.);
#1149 = LINE('',#1150,#1151);
#1150 = CARTESIAN_POINT('',(14.052284749831,8.,16.633164978871));
#1151 = VECTOR('',#1152,1.);
#1152 = DIRECTION('',(-0.57735026919,1.034690816099E-15,0.816496580928)
  );
#1153 = PCURVE('',#375,#1154);
#1154 = DEFINITIONAL_REPRESENTATION('',(#1155),#1159);
#1155 = LINE('',#1156,#1157);
#1156 = CARTESIAN_POINT('',(8.633164978871,-14.05228474983));
#1157 = VECTOR('',#1158,1.);
#1158 = DIRECTION('',(0.816496580928,0.57735026919));
#1159 = ( GEOMETRIC_REPRESENTATION_CONTEXT(2) 
PARAMETRIC_REPRESENTATION_CONTEXT() REPRESENTATION_CONTEXT('2D SPACE',''
  ) );
#1160 = PCURVE('',#1161,#1166);
#1161 = PLANE('',#1162);
#1162 = AXIS2_PLACEMENT_3D('',#1163,#1164,#1165);
#1163 = CARTESIAN_POINT('',(14.75,7.823223304703,15.823223304703));
#1164 = DIRECTION('',(-0.707106781187,-0.5,-0.5));
#1165 = DIRECTION('',(-3.005492278592E-16,-0.707106781187,0.707106781187
    ));
#1166 = DEFINITIONAL_REPRESENTATION('',(#1167),#1171);
#1167 = LINE('',#1168,#1169);
#1168 = CARTESIAN_POINT('',(0.447715250169,0.986718369464));
#1169 = VECTOR('',#1170,1.);
#1170 = DIRECTION('',(0.57735026919,0.816496580928));
#1171 = ( GEOMETRIC_REPRESENTATION_CONTEXT(2) 
PARAMETRIC_REPRESENTATION_CONTEXT() REPRESENTATION_CONTEXT('2D SPACE',''
  ) );
#1172 = ORIENTED_EDGE('',*,*,#1173,.F.);
#1173 = EDGE_CURVE('',#1174,#1146,#1176,.T.);
#1174 = VERTEX_POINT('',#1175);
#1175 = CARTESIAN_POINT('',(15.,8.,8.));
#1176 = SURFACE_CURVE('',#1177,(#1181,#1188),.PCURVE_S1.);
#1177 = LINE('',#1178,#1179);
#1178 = CARTESIAN_POINT('',(15.,8.,8.));
#1179 = VECTOR('',#1180,1.);
#1180 = DIRECTION('',(-5.551115123126E-16,7.771561172376E-16,1.));
#1181 = PCURVE('',#375,#1182);
#1182 = DEFINITIONAL_REPRESENTATION('',(#1183),#1187);
#1183 = LINE('',#1184,#1185);
#1184 = CARTESIAN_POINT('',(-2.353672812205E-14,-15.));
#1185 = VECTOR('',#1186,1.);
#1186 = DIRECTION('',(1.,5.551115123126E-16));
#1187 = ( GEOMETRIC_REPRESENTATION_CONTEXT(2) 
PARAMETRIC_REPRESENTATION_CONTEXT() REPRESENTATION_CONTEXT('2D SPACE',''
  ) );
#1188 = PCURVE('',#1189,#1194);
#1189 = PLANE('',#1190);
#1190 = AXIS2_PLACEMENT_3D('',#1191,#1192,#1193);
#1191 = CARTESIAN_POINT('',(15.,10.828427124746,10.828427124746));
#1192 = DIRECTION('',(1.,-4.440892098501E-16,-1.110223024625E-16));
#1193 = DIRECTION('',(-5.551115123126E-16,-1.110223024625E-16,1.));
#1194 = DEFINITIONAL_REPRESENTATION('',(#1195),#1199);
#1195 = LINE('',#1196,#1197);
#1196 = CARTESIAN_POINT('',(-2.828427124746,2.828427124746));
#1197 = VECTOR('',#1198,1.);
#1198 = DIRECTION('',(1.,-4.440892098501E-16));
#1199 = ( GEOMETRIC_REPRESENTATION_CONTEXT(2) 
PARAMETRIC_REPRESENTATION_CONTEXT() REPRESENTATION_CONTEXT('2D SPACE',''
  ) );
#1200 = ORIENTED_EDGE('',*,*,#1201,.T.);
#1201 = EDGE_CURVE('',#1174,#1202,#1204,.T.);
#1202 = VERTEX_POINT('',#1203);
#1203 = CARTESIAN_POINT('',(45.,8.,8.));
#1204 = SURFACE_CURVE('',#1205,(#1209,#1216),.PCURVE_S1.);
#1205 = LINE('',#1206,#1207);
#1206 = CARTESIAN_POINT('',(-2.13162820728E-14,8.,8.));
#1207 = VECTOR('',#1208,1.);
#1208 = DIRECTION('',(1.,-1.554312234475E-15,-2.22044604925E-16));
#1209 = PCURVE('',#375,#1210);
#1210 = DEFINITIONAL_REPRESENTATION('',(#1211),#1215);
#1211 = LINE('',#1212,#1213);
#1212 = CARTESIAN_POINT('',(0.,0.));
#1213 = VECTOR('',#1214,1.);
#1214 = DIRECTION('',(-1.554312234475E-15,-1.));
#1215 = ( GEOMETRIC_REPRESENTATION_CONTEXT(2) 
PARAMETRIC_REPRESENTATION_CONTEXT() REPRESENTATION_CONTEXT('2D SPACE',''
  ) );
#1216 = PCURVE('',#505,#1217);
#1217 = DEFINITIONAL_REPRESENTATION('',(#1218),#1222);
#1218 = LINE('',#1219,#1220);
#1219 = CARTESIAN_POINT('',(112.,-1.492139745096E-13));
#1220 = VECTOR('',#1221,1.);
#1221 = DIRECTION('',(1.554312234475E-15,-1.));
#1222 = ( GEOMETRIC_REPRESENTATION_CONTEXT(2) 
PARAMETRIC_REPRESENTATION_CONTEXT() REPRESENTATION_CONTEXT('2D SPACE',''
  ) );
#1223 = ORIENTED_EDGE('',*,*,#1224,.T.);
#1224 = EDGE_CURVE('',#1202,#1225,#1227,.T.);
#1225 = VERTEX_POINT('',#1226);
#1226 = CARTESIAN_POINT('',(45.,8.,15.292893218814));
#1227 = SURFACE_CURVE('',#1228,(#1232,#1239),.PCURVE_S1.);
#1228 = LINE('',#1229,#1230);
#1229 = CARTESIAN_POINT('',(45.,8.,8.));
#1230 = VECTOR('',#1231,1.);
#1231 = DIRECTION('',(-8.881784197001E-16,-1.110223024625E-16,1.));
#1232 = PCURVE('',#375,#1233);
#1233 = DEFINITIONAL_REPRESENTATION('',(#1234),#1238);
#1234 = LINE('',#1235,#1236);
#1235 = CARTESIAN_POINT('',(-7.771561172376E-14,-45.));
#1236 = VECTOR('',#1237,1.);
#1237 = DIRECTION('',(1.,8.881784197001E-16));
#1238 = ( GEOMETRIC_REPRESENTATION_CONTEXT(2) 
PARAMETRIC_REPRESENTATION_CONTEXT() REPRESENTATION_CONTEXT('2D SPACE',''
  ) );
#1239 = PCURVE('',#1240,#1245);
#1240 = PLANE('',#1241);
#1241 = AXIS2_PLACEMENT_3D('',#1242,#1243,#1244);
#1242 = CARTESIAN_POINT('',(45.,10.828427124746,10.828427124746));
#1243 = DIRECTION('',(-1.,1.221245327088E-15,4.440892098501E-16));
#1244 = DIRECTION('',(8.881784197001E-16,9.992007221626E-16,-1.));
#1245 = DEFINITIONAL_REPRESENTATION('',(#1246),#1250);
#1246 = LINE('',#1247,#1248);
#1247 = CARTESIAN_POINT('',(2.828427124746,2.828427124746));
#1248 = VECTOR('',#1249,1.);
#1249 = DIRECTION('',(-1.,8.881784197001E-16));
#1250 = ( GEOMETRIC_REPRESENTATION_CONTEXT(2) 
PARAMETRIC_REPRESENTATION_CONTEXT() REPRESENTATION_CONTEXT('2D SPACE',''
  ) );
#1251 = ORIENTED_EDGE('',*,*,#1252,.F.);
#1252 = EDGE_CURVE('',#1253,#1225,#1255,.T.);
#1253 = VERTEX_POINT('',#1254);
#1254 = CARTESIAN_POINT('',(45.5,8.,16.));
#1255 = SURFACE_CURVE('',#1256,(#1260,#1267),.PCURVE_S1.);
#1256 = LINE('',#1257,#1258);
#1257 = CARTESIAN_POINT('',(35.947715250169,8.,2.49102935514));
#1258 = VECTOR('',#1259,1.);
#1259 = DIRECTION('',(-0.57735026919,-7.782957912481E-16,-0.816496580928
    ));
#1260 = PCURVE('',#375,#1261);
#1261 = DEFINITIONAL_REPRESENTATION('',(#1262),#1266);
#1262 = LINE('',#1263,#1264);
#1263 = CARTESIAN_POINT('',(-5.50897064486,-35.94771525016));
#1264 = VECTOR('',#1265,1.);
#1265 = DIRECTION('',(-0.816496580928,0.57735026919));
#1266 = ( GEOMETRIC_REPRESENTATION_CONTEXT(2) 
PARAMETRIC_REPRESENTATION_CONTEXT() REPRESENTATION_CONTEXT('2D SPACE',''
  ) );
#1267 = PCURVE('',#1268,#1273);
#1268 = PLANE('',#1269);
#1269 = AXIS2_PLACEMENT_3D('',#1270,#1271,#1272);
#1270 = CARTESIAN_POINT('',(45.25,7.823223304703,15.823223304703));
#1271 = DIRECTION('',(0.707106781187,-0.5,-0.5));
#1272 = DIRECTION('',(-3.005492278592E-16,-0.707106781187,0.707106781187
    ));
#1273 = DEFINITIONAL_REPRESENTATION('',(#1274),#1278);
#1274 = LINE('',#1275,#1276);
#1275 = CARTESIAN_POINT('',(-9.552284749831,13.155417254267));
#1276 = VECTOR('',#1277,1.);
#1277 = DIRECTION('',(-0.57735026919,0.816496580928));
#1278 = ( GEOMETRIC_REPRESENTATION_CONTEXT(2) 
PARAMETRIC_REPRESENTATION_CONTEXT() REPRESENTATION_CONTEXT('2D SPACE',''
  ) );
#1279 = ORIENTED_EDGE('',*,*,#1280,.T.);
#1280 = EDGE_CURVE('',#1253,#1281,#1283,.T.);
#1281 = VERTEX_POINT('',#1282);
#1282 = CARTESIAN_POINT('',(49.5,8.,16.));
#1283 = SURFACE_CURVE('',#1284,(#1288,#1295),.PCURVE_S1.);
#1284 = LINE('',#1285,#1286);
#1285 = CARTESIAN_POINT('',(45.,8.,16.));
#1286 = VECTOR('',#1287,1.);
#1287 = DIRECTION('',(1.,-7.771561172376E-16,3.451266460342E-31));
#1288 = PCURVE('',#375,#1289);
#1289 = DEFINITIONAL_REPRESENTATION('',(#1290),#1294);
#1290 = LINE('',#1291,#1292);
#1291 = CARTESIAN_POINT('',(8.,-45.));
#1292 = VECTOR('',#1293,1.);
#1293 = DIRECTION('',(-1.998401444325E-15,-1.));
#1294 = ( GEOMETRIC_REPRESENTATION_CONTEXT(2) 
PARAMETRIC_REPRESENTATION_CONTEXT() REPRESENTATION_CONTEXT('2D SPACE',''
  ) );
#1295 = PCURVE('',#1296,#1301);
#1296 = PLANE('',#1297);
#1297 = AXIS2_PLACEMENT_3D('',#1298,#1299,#1300);
#1298 = CARTESIAN_POINT('',(45.,8.,16.));
#1299 = DIRECTION('',(3.925231146709E-16,-0.707106781187,-0.707106781187
    ));
#1300 = DIRECTION('',(-5.495323605393E-16,-0.707106781187,0.707106781187
    ));
#1301 = DEFINITIONAL_REPRESENTATION('',(#1302),#1306);
#1302 = LINE('',#1303,#1304);
#1303 = CARTESIAN_POINT('',(-0.,0.));
#1304 = VECTOR('',#1305,1.);
#1305 = DIRECTION('',(-0.,-1.));
#1306 = ( GEOMETRIC_REPRESENTATION_CONTEXT(2) 
PARAMETRIC_REPRESENTATION_CONTEXT() REPRESENTATION_CONTEXT('2D SPACE',''
  ) );
#1307 = ORIENTED_EDGE('',*,*,#1308,.F.);
#1308 = EDGE_CURVE('',#1309,#1281,#1311,.T.);
#1309 = VERTEX_POINT('',#1310);
#1310 = CARTESIAN_POINT('',(50.,8.,15.292893218814));
#1311 = SURFACE_CURVE('',#1312,(#1316,#1323),.PCURVE_S1.);
#1312 = LINE('',#1313,#1314);
#1313 = CARTESIAN_POINT('',(43.218951416497,8.,24.882744092714));
#1314 = VECTOR('',#1315,1.);
#1315 = DIRECTION('',(-0.57735026919,1.034690816099E-15,0.816496580928)
  );
#1316 = PCURVE('',#375,#1317);
#1317 = DEFINITIONAL_REPRESENTATION('',(#1318),#1322);
#1318 = LINE('',#1319,#1320);
#1319 = CARTESIAN_POINT('',(16.882744092714,-43.21895141649));
#1320 = VECTOR('',#1321,1.);
#1321 = DIRECTION('',(0.816496580928,0.57735026919));
#1322 = ( GEOMETRIC_REPRESENTATION_CONTEXT(2) 
PARAMETRIC_REPRESENTATION_CONTEXT() REPRESENTATION_CONTEXT('2D SPACE',''
  ) );
#1323 = PCURVE('',#1324,#1329);
#1324 = PLANE('',#1325);
#1325 = AXIS2_PLACEMENT_3D('',#1326,#1327,#1328);
#1326 = CARTESIAN_POINT('',(49.75,7.823223304703,15.823223304703));
#1327 = DIRECTION('',(0.707106781187,0.5,0.5));
#1328 = DIRECTION('',(5.503494083999E-16,0.707106781187,-0.707106781187)
  );
#1329 = DEFINITIONAL_REPRESENTATION('',(#1330),#1334);
#1330 = LINE('',#1331,#1332);
#1331 = CARTESIAN_POINT('',(-6.281048583502,9.236297483307));
#1332 = VECTOR('',#1333,1.);
#1333 = DIRECTION('',(-0.57735026919,0.816496580928));
#1334 = ( GEOMETRIC_REPRESENTATION_CONTEXT(2) 
PARAMETRIC_REPRESENTATION_CONTEXT() REPRESENTATION_CONTEXT('2D SPACE',''
  ) );
#1335 = ORIENTED_EDGE('',*,*,#1336,.F.);
#1336 = EDGE_CURVE('',#930,#1309,#1337,.T.);
#1337 = SURFACE_CURVE('',#1338,(#1342,#1349),.PCURVE_S1.);
#1338 = LINE('',#1339,#1340);
#1339 = CARTESIAN_POINT('',(50.,8.,8.));
#1340 = VECTOR('',#1341,1.);
#1341 = DIRECTION('',(-8.881784197001E-16,-1.110223024625E-16,1.));
#1342 = PCURVE('',#375,#1343);
#1343 = DEFINITIONAL_REPRESENTATION('',(#1344),#1348);
#1344 = LINE('',#1345,#1346);
#1345 = CARTESIAN_POINT('',(-8.970602038971E-14,-50.));
#1346 = VECTOR('',#1347,1.);
#1347 = DIRECTION('',(1.,8.881784197001E-16));
#1348 = ( GEOMETRIC_REPRESENTATION_CONTEXT(2) 
PARAMETRIC_REPRESENTATION_CONTEXT() REPRESENTATION_CONTEXT('2D SPACE',''
  ) );
#1349 = PCURVE('',#1350,#1355);
#1350 = PLANE('',#1351);
#1351 = AXIS2_PLACEMENT_3D('',#1352,#1353,#1354);
#1352 = CARTESIAN_POINT('',(50.,10.828427124746,10.828427124746));
#1353 = DIRECTION('',(-1.,1.221245327088E-15,4.440892098501E-16));
#1354 = DIRECTION('',(8.881784197001E-16,9.992007221626E-16,-1.));
#1355 = DEFINITIONAL_REPRESENTATION('',(#1356),#1360);
#1356 = LINE('',#1357,#1358);
#1357 = CARTESIAN_POINT('',(2.828427124746,2.828427124746));
#1358 = VECTOR('',#1359,1.);
#1359 = DIRECTION('',(-1.,8.881784197001E-16));
#1360 = ( GEOMETRIC_REPRESENTATION_CONTEXT(2) 
PARAMETRIC_REPRESENTATION_CONTEXT() REPRESENTATION_CONTEXT('2D SPACE',''
  ) );
#1361 = FACE_BOUND('',#1362,.F.);
#1362 = EDGE_LOOP('',(#1363));
#1363 = ORIENTED_EDGE('',*,*,#1364,.T.);
#1364 = EDGE_CURVE('',#1365,#1365,#1367,.T.);
#1365 = VERTEX_POINT('',#1366);
#1366 = CARTESIAN_POINT('',(21.05,8.,62.));
#1367 = SURFACE_CURVE('',#1368,(#1373,#1384),.PCURVE_S1.);
#1368 = CIRCLE('',#1369,8.95);
#1369 = AXIS2_PLACEMENT_3D('',#1370,#1371,#1372);
#1370 = CARTESIAN_POINT('',(30.,8.,62.));
#1371 = DIRECTION('',(4.440892098501E-16,1.,-2.22044604925E-16));
#1372 = DIRECTION('',(-1.,4.440892098501E-16,-2.095411779493E-31));
#1373 = PCURVE('',#375,#1374);
#1374 = DEFINITIONAL_REPRESENTATION('',(#1375),#1383);
#1375 = ( BOUNDED_CURVE() B_SPLINE_CURVE(2,(#1376,#1377,#1378,#1379,
#1380,#1381,#1382),.UNSPECIFIED.,.T.,.F.) B_SPLINE_CURVE_WITH_KNOTS((1,2
    ,2,2,2,1),(-2.094395102393,0.,2.094395102393,4.188790204786,
6.28318530718,8.377580409573),.UNSPECIFIED.) CURVE() 
GEOMETRIC_REPRESENTATION_ITEM() RATIONAL_B_SPLINE_CURVE((1.,0.5,1.,0.5,
1.,0.5,1.)) REPRESENTATION_ITEM('') );
#1376 = CARTESIAN_POINT('',(54.,-21.05));
#1377 = CARTESIAN_POINT('',(69.501854727742,-21.05));
#1378 = CARTESIAN_POINT('',(61.750927363871,-34.475));
#1379 = CARTESIAN_POINT('',(54.,-47.9));
#1380 = CARTESIAN_POINT('',(46.249072636129,-34.475));
#1381 = CARTESIAN_POINT('',(38.498145272259,-21.05));
#1382 = CARTESIAN_POINT('',(54.,-21.05));
#1383 = ( GEOMETRIC_REPRESENTATION_CONTEXT(2) 
PARAMETRIC_REPRESENTATION_CONTEXT() REPRESENTATION_CONTEXT('2D SPACE',''
  ) );
#1384 = PCURVE('',#1385,#1390);
#1385 = CONICAL_SURFACE('',#1386,8.95,0.785398163397);
#1386 = AXIS2_PLACEMENT_3D('',#1387,#1388,#1389);
#1387 = CARTESIAN_POINT('',(30.,8.,62.));
#1388 = DIRECTION('',(-2.22044604925E-16,1.,-8.881784197001E-16));
#1389 = DIRECTION('',(-1.,4.440892098501E-16,-2.095411779493E-31));
#1390 = DEFINITIONAL_REPRESENTATION('',(#1391),#1395);
#1391 = LINE('',#1392,#1393);
#1392 = CARTESIAN_POINT('',(0.,-0.));
#1393 = VECTOR('',#1394,1.);
#1394 = DIRECTION('',(1.,-0.));
#1395 = ( GEOMETRIC_REPRESENTATION_CONTEXT(2) 
PARAMETRIC_REPRESENTATION_CONTEXT() REPRESENTATION_CONTEXT('2D SPACE',''
  ) );
#1396 = FACE_BOUND('',#1397,.F.);
#1397 = EDGE_LOOP('',(#1398));
#1398 = ORIENTED_EDGE('',*,*,#1399,.T.);
#1399 = EDGE_CURVE('',#1400,#1400,#1402,.T.);
#1400 = VERTEX_POINT('',#1401);
#1401 = CARTESIAN_POINT('',(21.05,8.,26.));
#1402 = SURFACE_CURVE('',#1403,(#1408,#1419),.PCURVE_S1.);
#1403 = CIRCLE('',#1404,8.95);
#1404 = AXIS2_PLACEMENT_3D('',#1405,#1406,#1407);
#1405 = CARTESIAN_POINT('',(30.,8.,26.));
#1406 = DIRECTION('',(4.440892098501E-16,1.,-2.22044604925E-16));
#1407 = DIRECTION('',(-1.,4.440892098501E-16,-2.095411779493E-31));
#1408 = PCURVE('',#375,#1409);
#1409 = DEFINITIONAL_REPRESENTATION('',(#1410),#1418);
#1410 = ( BOUNDED_CURVE() B_SPLINE_CURVE(2,(#1411,#1412,#1413,#1414,
#1415,#1416,#1417),.UNSPECIFIED.,.T.,.F.) B_SPLINE_CURVE_WITH_KNOTS((1,2
    ,2,2,2,1),(-2.094395102393,0.,2.094395102393,4.188790204786,
6.28318530718,8.377580409573),.UNSPECIFIED.) CURVE() 
GEOMETRIC_REPRESENTATION_ITEM() RATIONAL_B_SPLINE_CURVE((1.,0.5,1.,0.5,
1.,0.5,1.)) REPRESENTATION_ITEM('') );
#1411 = CARTESIAN_POINT('',(18.,-21.05));
#1412 = CARTESIAN_POINT('',(33.501854727741,-21.05));
#1413 = CARTESIAN_POINT('',(25.750927363871,-34.475));
#1414 = CARTESIAN_POINT('',(18.,-47.9));
#1415 = CARTESIAN_POINT('',(10.249072636129,-34.475));
#1416 = CARTESIAN_POINT('',(2.498145272259,-21.05));
#1417 = CARTESIAN_POINT('',(18.,-21.05));
#1418 = ( GEOMETRIC_REPRESENTATION_CONTEXT(2) 
PARAMETRIC_REPRESENTATION_CONTEXT() REPRESENTATION_CONTEXT('2D SPACE',''
  ) );
#1419 = PCURVE('',#1420,#1425);
#1420 = CONICAL_SURFACE('',#1421,8.95,0.785398163397);
#1421 = AXIS2_PLACEMENT_3D('',#1422,#1423,#1424);
#1422 = CARTESIAN_POINT('',(30.,8.,26.));
#1423 = DIRECTION('',(-2.22044604925E-16,1.,-8.881784197001E-16));
#1424 = DIRECTION('',(-1.,4.440892098501E-16,-2.095411779493E-31));
#1425 = DEFINITIONAL_REPRESENTATION('',(#1426),#1430);
#1426 = LINE('',#1427,#1428);
#1427 = CARTESIAN_POINT('',(0.,-0.));
#1428 = VECTOR('',#1429,1.);
#1429 = DIRECTION('',(1.,-0.));
#1430 = ( GEOMETRIC_REPRESENTATION_CONTEXT(2) 
PARAMETRIC_REPRESENTATION_CONTEXT() REPRESENTATION_CONTEXT('2D SPACE',''
  ) );
#1431 = ADVANCED_FACE('',(#1432,#1537,#1572),#451,.F.);
#1432 = FACE_BOUND('',#1433,.F.);
#1433 = EDGE_LOOP('',(#1434,#1457,#1458,#1459,#1482,#1511));
#1434 = ORIENTED_EDGE('',*,*,#1435,.F.);
#1435 = EDGE_CURVE('',#413,#1436,#1438,.T.);
#1436 = VERTEX_POINT('',#1437);
#1437 = CARTESIAN_POINT('',(59.5,-6.106226635438E-16,8.));
#1438 = SURFACE_CURVE('',#1439,(#1443,#1450),.PCURVE_S1.);
#1439 = LINE('',#1440,#1441);
#1440 = CARTESIAN_POINT('',(-1.42108547152E-14,-1.7763568394E-15,8.));
#1441 = VECTOR('',#1442,1.);
#1442 = DIRECTION('',(1.,-1.554312234475E-15,-2.22044604925E-16));
#1443 = PCURVE('',#451,#1444);
#1444 = DEFINITIONAL_REPRESENTATION('',(#1445),#1449);
#1445 = LINE('',#1446,#1447);
#1446 = CARTESIAN_POINT('',(72.,-9.769962616701E-14));
#1447 = VECTOR('',#1448,1.);
#1448 = DIRECTION('',(1.554312234475E-15,-1.));
#1449 = ( GEOMETRIC_REPRESENTATION_CONTEXT(2) 
PARAMETRIC_REPRESENTATION_CONTEXT() REPRESENTATION_CONTEXT('2D SPACE',''
  ) );
#1450 = PCURVE('',#585,#1451);
#1451 = DEFINITIONAL_REPRESENTATION('',(#1452),#1456);
#1452 = LINE('',#1453,#1454);
#1453 = CARTESIAN_POINT('',(0.,0.));
#1454 = VECTOR('',#1455,1.);
#1455 = DIRECTION('',(0.,1.));
#1456 = ( GEOMETRIC_REPRESENTATION_CONTEXT(2) 
PARAMETRIC_REPRESENTATION_CONTEXT() REPRESENTATION_CONTEXT('2D SPACE',''
  ) );
#1457 = ORIENTED_EDGE('',*,*,#435,.T.);
#1458 = ORIENTED_EDGE('',*,*,#880,.T.);
#1459 = ORIENTED_EDGE('',*,*,#1460,.T.);
#1460 = EDGE_CURVE('',#881,#1461,#1463,.T.);
#1461 = VERTEX_POINT('',#1462);
#1462 = CARTESIAN_POINT('',(52.,-1.676436767184E-14,79.5));
#1463 = SURFACE_CURVE('',#1464,(#1468,#1475),.PCURVE_S1.);
#1464 = LINE('',#1465,#1466);
#1465 = CARTESIAN_POINT('',(8.,3.352873534368E-14,79.5));
#1466 = VECTOR('',#1467,1.);
#1467 = DIRECTION('',(1.,-8.881784197001E-16,4.440892098501E-16));
#1468 = PCURVE('',#451,#1469);
#1469 = DEFINITIONAL_REPRESENTATION('',(#1470),#1474);
#1470 = LINE('',#1471,#1472);
#1471 = CARTESIAN_POINT('',(0.5,-8.));
#1472 = VECTOR('',#1473,1.);
#1473 = DIRECTION('',(1.554312234475E-15,-1.));
#1474 = ( GEOMETRIC_REPRESENTATION_CONTEXT(2) 
PARAMETRIC_REPRESENTATION_CONTEXT() REPRESENTATION_CONTEXT('2D SPACE',''
  ) );
#1475 = PCURVE('',#810,#1476);
#1476 = DEFINITIONAL_REPRESENTATION('',(#1477),#1481);
#1477 = LINE('',#1478,#1479);
#1478 = CARTESIAN_POINT('',(-7.771561172376E-16,-0.353553390593));
#1479 = VECTOR('',#1480,1.);
#1480 = DIRECTION('',(1.,0.));
#1481 = ( GEOMETRIC_REPRESENTATION_CONTEXT(2) 
PARAMETRIC_REPRESENTATION_CONTEXT() REPRESENTATION_CONTEXT('2D SPACE',''
  ) );
#1482 = ORIENTED_EDGE('',*,*,#1483,.T.);
#1483 = EDGE_CURVE('',#1461,#1484,#1486,.T.);
#1484 = VERTEX_POINT('',#1485);
#1485 = CARTESIAN_POINT('',(59.5,-2.076117056049E-14,72.));
#1486 = SURFACE_CURVE('',#1487,(#1492,#1499),.PCURVE_S1.);
#1487 = CIRCLE('',#1488,7.5);
#1488 = AXIS2_PLACEMENT_3D('',#1489,#1490,#1491);
#1489 = CARTESIAN_POINT('',(52.,-1.42108547152E-14,72.));
#1490 = DIRECTION('',(8.881784197001E-16,1.,-4.440892098501E-16));
#1491 = DIRECTION('',(-9.992007221626E-16,4.440892098501E-16,1.));
#1492 = PCURVE('',#451,#1493);
#1493 = DEFINITIONAL_REPRESENTATION('',(#1494),#1498);
#1494 = CIRCLE('',#1495,7.5);
#1495 = AXIS2_PLACEMENT_2D('',#1496,#1497);
#1496 = CARTESIAN_POINT('',(8.,-52.));
#1497 = DIRECTION('',(-1.,9.992007221626E-16));
#1498 = ( GEOMETRIC_REPRESENTATION_CONTEXT(2) 
PARAMETRIC_REPRESENTATION_CONTEXT() REPRESENTATION_CONTEXT('2D SPACE',''
  ) );
#1499 = PCURVE('',#1500,#1505);
#1500 = CONICAL_SURFACE('',#1501,8.,0.785398163397);
#1501 = AXIS2_PLACEMENT_3D('',#1502,#1503,#1504);
#1502 = CARTESIAN_POINT('',(52.,0.5,72.));
#1503 = DIRECTION('',(8.881784197001E-16,1.,-4.440892098501E-16));
#1504 = DIRECTION('',(-9.992007221626E-16,4.440892098501E-16,1.));
#1505 = DEFINITIONAL_REPRESENTATION('',(#1506),#1510);
#1506 = LINE('',#1507,#1508);
#1507 = CARTESIAN_POINT('',(0.,-0.5));
#1508 = VECTOR('',#1509,1.);
#1509 = DIRECTION('',(1.,0.));
#1510 = ( GEOMETRIC_REPRESENTATION_CONTEXT(2) 
PARAMETRIC_REPRESENTATION_CONTEXT() REPRESENTATION_CONTEXT('2D SPACE',''
  ) );
#1511 = ORIENTED_EDGE('',*,*,#1512,.T.);
#1512 = EDGE_CURVE('',#1484,#1436,#1513,.T.);
#1513 = SURFACE_CURVE('',#1514,(#1518,#1525),.PCURVE_S1.);
#1514 = LINE('',#1515,#1516);
#1515 = CARTESIAN_POINT('',(59.5,1.229238932865E-14,72.));
#1516 = VECTOR('',#1517,1.);
#1517 = DIRECTION('',(1.33226762955E-15,-4.440892098501E-16,-1.));
#1518 = PCURVE('',#451,#1519);
#1519 = DEFINITIONAL_REPRESENTATION('',(#1520),#1524);
#1520 = LINE('',#1521,#1522);
#1521 = CARTESIAN_POINT('',(8.,-59.5));
#1522 = VECTOR('',#1523,1.);
#1523 = DIRECTION('',(1.,-1.33226762955E-15));
#1524 = ( GEOMETRIC_REPRESENTATION_CONTEXT(2) 
PARAMETRIC_REPRESENTATION_CONTEXT() REPRESENTATION_CONTEXT('2D SPACE',''
  ) );
#1525 = PCURVE('',#1526,#1531);
#1526 = PLANE('',#1527);
#1527 = AXIS2_PLACEMENT_3D('',#1528,#1529,#1530);
#1528 = CARTESIAN_POINT('',(59.75,0.25,72.));
#1529 = DIRECTION('',(-0.707106781187,0.707106781187,-8.665436357522E-16
    ));
#1530 = DIRECTION('',(-1.056828090884E-15,1.686496711844E-16,1.));
#1531 = DEFINITIONAL_REPRESENTATION('',(#1532),#1536);
#1532 = LINE('',#1533,#1534);
#1533 = CARTESIAN_POINT('',(2.22044604925E-16,-0.353553390593));
#1534 = VECTOR('',#1535,1.);
#1535 = DIRECTION('',(-1.,0.));
#1536 = ( GEOMETRIC_REPRESENTATION_CONTEXT(2) 
PARAMETRIC_REPRESENTATION_CONTEXT() REPRESENTATION_CONTEXT('2D SPACE',''
  ) );
#1537 = FACE_BOUND('',#1538,.F.);
#1538 = EDGE_LOOP('',(#1539));
#1539 = ORIENTED_EDGE('',*,*,#1540,.T.);
#1540 = EDGE_CURVE('',#1541,#1541,#1543,.T.);
#1541 = VERTEX_POINT('',#1542);
#1542 = CARTESIAN_POINT('',(25.5,8.104628079764E-15,62.));
#1543 = SURFACE_CURVE('',#1544,(#1549,#1560),.PCURVE_S1.);
#1544 = CIRCLE('',#1545,4.5);
#1545 = AXIS2_PLACEMENT_3D('',#1546,#1547,#1548);
#1546 = CARTESIAN_POINT('',(30.,-1.42108547152E-14,62.));
#1547 = DIRECTION('',(-4.440892098501E-16,-1.,2.22044604925E-16));
#1548 = DIRECTION('',(-1.,4.440892098501E-16,-2.095411779493E-31));
#1549 = PCURVE('',#451,#1550);
#1550 = DEFINITIONAL_REPRESENTATION('',(#1551),#1559);
#1551 = ( BOUNDED_CURVE() B_SPLINE_CURVE(2,(#1552,#1553,#1554,#1555,
#1556,#1557,#1558),.UNSPECIFIED.,.T.,.F.) B_SPLINE_CURVE_WITH_KNOTS((1,2
    ,2,2,2,1),(-2.094395102393,0.,2.094395102393,4.188790204786,
6.28318530718,8.377580409573),.UNSPECIFIED.) CURVE() 
GEOMETRIC_REPRESENTATION_ITEM() RATIONAL_B_SPLINE_CURVE((1.,0.5,1.,0.5,
1.,0.5,1.)) REPRESENTATION_ITEM('') );
#1552 = CARTESIAN_POINT('',(18.,-25.5));
#1553 = CARTESIAN_POINT('',(25.79422863406,-25.5));
#1554 = CARTESIAN_POINT('',(21.89711431703,-32.25));
#1555 = CARTESIAN_POINT('',(18.,-39.));
#1556 = CARTESIAN_POINT('',(14.10288568297,-32.25));
#1557 = CARTESIAN_POINT('',(10.20577136594,-25.5));
#1558 = CARTESIAN_POINT('',(18.,-25.5));
#1559 = ( GEOMETRIC_REPRESENTATION_CONTEXT(2) 
PARAMETRIC_REPRESENTATION_CONTEXT() REPRESENTATION_CONTEXT('2D SPACE',''
  ) );
#1560 = PCURVE('',#1561,#1566);
#1561 = CYLINDRICAL_SURFACE('',#1562,4.5);
#1562 = AXIS2_PLACEMENT_3D('',#1563,#1564,#1565);
#1563 = CARTESIAN_POINT('',(30.,3.55,62.));
#1564 = DIRECTION('',(2.22044604925E-16,-1.,8.881784197001E-16));
#1565 = DIRECTION('',(-1.,4.440892098501E-16,-2.095411779493E-31));
#1566 = DEFINITIONAL_REPRESENTATION('',(#1567),#1571);
#1567 = LINE('',#1568,#1569);
#1568 = CARTESIAN_POINT('',(-6.28318530718,3.55));
#1569 = VECTOR('',#1570,1.);
#1570 = DIRECTION('',(1.,-0.));
#1571 = ( GEOMETRIC_REPRESENTATION_CONTEXT(2) 
PARAMETRIC_REPRESENTATION_CONTEXT() REPRESENTATION_CONTEXT('2D SPACE',''
  ) );
#1572 = FACE_BOUND('',#1573,.F.);
#1573 = EDGE_LOOP('',(#1574));
#1574 = ORIENTED_EDGE('',*,*,#1575,.T.);
#1575 = EDGE_CURVE('',#1576,#1576,#1578,.T.);
#1576 = VERTEX_POINT('',#1577);
#1577 = CARTESIAN_POINT('',(25.5,-1.099120794379E-14,26.));
#1578 = SURFACE_CURVE('',#1579,(#1584,#1595),.PCURVE_S1.);
#1579 = CIRCLE('',#1580,4.5);
#1580 = AXIS2_PLACEMENT_3D('',#1581,#1582,#1583);
#1581 = CARTESIAN_POINT('',(30.,-3.819167204711E-14,26.));
#1582 = DIRECTION('',(-4.440892098501E-16,-1.,2.22044604925E-16));
#1583 = DIRECTION('',(-1.,4.440892098501E-16,-2.095411779493E-31));
#1584 = PCURVE('',#451,#1585);
#1585 = DEFINITIONAL_REPRESENTATION('',(#1586),#1594);
#1586 = ( BOUNDED_CURVE() B_SPLINE_CURVE(2,(#1587,#1588,#1589,#1590,
#1591,#1592,#1593),.UNSPECIFIED.,.T.,.F.) B_SPLINE_CURVE_WITH_KNOTS((1,2
    ,2,2,2,1),(-2.094395102393,0.,2.094395102393,4.188790204786,
6.28318530718,8.377580409573),.UNSPECIFIED.) CURVE() 
GEOMETRIC_REPRESENTATION_ITEM() RATIONAL_B_SPLINE_CURVE((1.,0.5,1.,0.5,
1.,0.5,1.)) REPRESENTATION_ITEM('') );
#1587 = CARTESIAN_POINT('',(54.,-25.5));
#1588 = CARTESIAN_POINT('',(61.79422863406,-25.5));
#1589 = CARTESIAN_POINT('',(57.89711431703,-32.25));
#1590 = CARTESIAN_POINT('',(54.,-39.));
#1591 = CARTESIAN_POINT('',(50.10288568297,-32.25));
#1592 = CARTESIAN_POINT('',(46.20577136594,-25.5));
#1593 = CARTESIAN_POINT('',(54.,-25.5));
#1594 = ( GEOMETRIC_REPRESENTATION_CONTEXT(2) 
PARAMETRIC_REPRESENTATION_CONTEXT() REPRESENTATION_CONTEXT('2D SPACE',''
  ) );
#1595 = PCURVE('',#1596,#1601);
#1596 = CYLINDRICAL_SURFACE('',#1597,4.5);
#1597 = AXIS2_PLACEMENT_3D('',#1598,#1599,#1600);
#1598 = CARTESIAN_POINT('',(30.,3.55,26.));
#1599 = DIRECTION('',(2.22044604925E-16,-1.,8.881784197001E-16));
#1600 = DIRECTION('',(-1.,4.440892098501E-16,-2.095411779493E-31));
#1601 = DEFINITIONAL_REPRESENTATION('',(#1602),#1606);
#1602 = LINE('',#1603,#1604);
#1603 = CARTESIAN_POINT('',(-6.28318530718,3.55));
#1604 = VECTOR('',#1605,1.);
#1605 = DIRECTION('',(1.,-0.));
#1606 = ( GEOMETRIC_REPRESENTATION_CONTEXT(2) 
PARAMETRIC_REPRESENTATION_CONTEXT() REPRESENTATION_CONTEXT('2D SPACE',''
  ) );
#1607 = ADVANCED_FACE('',(#1608,#1947,#1982,#2017,#2052),#505,.F.);
#1608 = FACE_BOUND('',#1609,.F.);
#1609 = EDGE_LOOP('',(#1610,#1611,#1612,#1636,#1664,#1693,#1719,#1720,
    #1743,#1766,#1789,#1812,#1833,#1834,#1857,#1880,#1903,#1926));
#1610 = ORIENTED_EDGE('',*,*,#1038,.F.);
#1611 = ORIENTED_EDGE('',*,*,#489,.T.);
#1612 = ORIENTED_EDGE('',*,*,#1613,.T.);
#1613 = EDGE_CURVE('',#490,#1614,#1616,.T.);
#1614 = VERTEX_POINT('',#1615);
#1615 = CARTESIAN_POINT('',(8.,119.5,8.));
#1616 = SURFACE_CURVE('',#1617,(#1622,#1629),.PCURVE_S1.);
#1617 = CIRCLE('',#1618,7.5);
#1618 = AXIS2_PLACEMENT_3D('',#1619,#1620,#1621);
#1619 = CARTESIAN_POINT('',(8.,112.,8.));
#1620 = DIRECTION('',(4.440892098501E-16,-1.33226762955E-15,-1.));
#1621 = DIRECTION('',(-1.,-1.7763568394E-15,-4.440892098501E-16));
#1622 = PCURVE('',#505,#1623);
#1623 = DEFINITIONAL_REPRESENTATION('',(#1624),#1628);
#1624 = CIRCLE('',#1625,7.5);
#1625 = AXIS2_PLACEMENT_2D('',#1626,#1627);
#1626 = CARTESIAN_POINT('',(8.,-8.));
#1627 = DIRECTION('',(1.110223024625E-15,1.));
#1628 = ( GEOMETRIC_REPRESENTATION_CONTEXT(2) 
PARAMETRIC_REPRESENTATION_CONTEXT() REPRESENTATION_CONTEXT('2D SPACE',''
  ) );
#1629 = PCURVE('',#531,#1630);
#1630 = DEFINITIONAL_REPRESENTATION('',(#1631),#1635);
#1631 = LINE('',#1632,#1633);
#1632 = CARTESIAN_POINT('',(0.,-0.5));
#1633 = VECTOR('',#1634,1.);
#1634 = DIRECTION('',(1.,0.));
#1635 = ( GEOMETRIC_REPRESENTATION_CONTEXT(2) 
PARAMETRIC_REPRESENTATION_CONTEXT() REPRESENTATION_CONTEXT('2D SPACE',''
  ) );
#1636 = ORIENTED_EDGE('',*,*,#1637,.T.);
#1637 = EDGE_CURVE('',#1614,#1638,#1640,.T.);
#1638 = VERTEX_POINT('',#1639);
#1639 = CARTESIAN_POINT('',(52.,119.5,8.));
#1640 = SURFACE_CURVE('',#1641,(#1645,#1652),.PCURVE_S1.);
#1641 = LINE('',#1642,#1643);
#1642 = CARTESIAN_POINT('',(8.,119.5,8.));
#1643 = VECTOR('',#1644,1.);
#1644 = DIRECTION('',(1.,-8.881784197001E-16,4.440892098501E-16));
#1645 = PCURVE('',#505,#1646);
#1646 = DEFINITIONAL_REPRESENTATION('',(#1647),#1651);
#1647 = LINE('',#1648,#1649);
#1648 = CARTESIAN_POINT('',(0.5,-8.));
#1649 = VECTOR('',#1650,1.);
#1650 = DIRECTION('',(1.554312234475E-15,-1.));
#1651 = ( GEOMETRIC_REPRESENTATION_CONTEXT(2) 
PARAMETRIC_REPRESENTATION_CONTEXT() REPRESENTATION_CONTEXT('2D SPACE',''
  ) );
#1652 = PCURVE('',#1653,#1658);
#1653 = PLANE('',#1654);
#1654 = AXIS2_PLACEMENT_3D('',#1655,#1656,#1657);
#1655 = CARTESIAN_POINT('',(8.,119.75,7.75));
#1656 = DIRECTION('',(-7.67170354292E-16,0.707106781187,0.707106781187)
  );
#1657 = DIRECTION('',(1.,-1.236624549299E-16,1.20860517462E-15));
#1658 = DEFINITIONAL_REPRESENTATION('',(#1659),#1663);
#1659 = LINE('',#1660,#1661);
#1660 = CARTESIAN_POINT('',(3.330669073875E-16,-0.353553390593));
#1661 = VECTOR('',#1662,1.);
#1662 = DIRECTION('',(1.,0.));
#1663 = ( GEOMETRIC_REPRESENTATION_CONTEXT(2) 
PARAMETRIC_REPRESENTATION_CONTEXT() REPRESENTATION_CONTEXT('2D SPACE',''
  ) );
#1664 = ORIENTED_EDGE('',*,*,#1665,.T.);
#1665 = EDGE_CURVE('',#1638,#1666,#1668,.T.);
#1666 = VERTEX_POINT('',#1667);
#1667 = CARTESIAN_POINT('',(59.5,112.,8.));
#1668 = SURFACE_CURVE('',#1669,(#1674,#1681),.PCURVE_S1.);
#1669 = CIRCLE('',#1670,7.5);
#1670 = AXIS2_PLACEMENT_3D('',#1671,#1672,#1673);
#1671 = CARTESIAN_POINT('',(52.,112.,8.));
#1672 = DIRECTION('',(4.440892098501E-16,-1.33226762955E-15,-1.));
#1673 = DIRECTION('',(-8.881784197001E-16,1.,-1.33226762955E-15));
#1674 = PCURVE('',#505,#1675);
#1675 = DEFINITIONAL_REPRESENTATION('',(#1676),#1680);
#1676 = CIRCLE('',#1677,7.5);
#1677 = AXIS2_PLACEMENT_2D('',#1678,#1679);
#1678 = CARTESIAN_POINT('',(8.,-52.));
#1679 = DIRECTION('',(-1.,2.22044604925E-15));
#1680 = ( GEOMETRIC_REPRESENTATION_CONTEXT(2) 
PARAMETRIC_REPRESENTATION_CONTEXT() REPRESENTATION_CONTEXT('2D SPACE',''
  ) );
#1681 = PCURVE('',#1682,#1687);
#1682 = CONICAL_SURFACE('',#1683,8.,0.785398163397);
#1683 = AXIS2_PLACEMENT_3D('',#1684,#1685,#1686);
#1684 = CARTESIAN_POINT('',(52.,112.,7.5));
#1685 = DIRECTION('',(4.440892098501E-16,-1.33226762955E-15,-1.));
#1686 = DIRECTION('',(-8.881784197001E-16,1.,-1.33226762955E-15));
#1687 = DEFINITIONAL_REPRESENTATION('',(#1688),#1692);
#1688 = LINE('',#1689,#1690);
#1689 = CARTESIAN_POINT('',(0.,-0.5));
#1690 = VECTOR('',#1691,1.);
#1691 = DIRECTION('',(1.,0.));
#1692 = ( GEOMETRIC_REPRESENTATION_CONTEXT(2) 
PARAMETRIC_REPRESENTATION_CONTEXT() REPRESENTATION_CONTEXT('2D SPACE',''
  ) );
#1693 = ORIENTED_EDGE('',*,*,#1694,.T.);
#1694 = EDGE_CURVE('',#1666,#932,#1695,.T.);
#1695 = SURFACE_CURVE('',#1696,(#1700,#1707),.PCURVE_S1.);
#1696 = LINE('',#1697,#1698);
#1697 = CARTESIAN_POINT('',(59.5,112.,8.));
#1698 = VECTOR('',#1699,1.);
#1699 = DIRECTION('',(-7.642090019329E-31,-1.,1.33226762955E-15));
#1700 = PCURVE('',#505,#1701);
#1701 = DEFINITIONAL_REPRESENTATION('',(#1702),#1706);
#1702 = LINE('',#1703,#1704);
#1703 = CARTESIAN_POINT('',(8.,-59.5));
#1704 = VECTOR('',#1705,1.);
#1705 = DIRECTION('',(1.,-1.33226762955E-15));
#1706 = ( GEOMETRIC_REPRESENTATION_CONTEXT(2) 
PARAMETRIC_REPRESENTATION_CONTEXT() REPRESENTATION_CONTEXT('2D SPACE',''
  ) );
#1707 = PCURVE('',#1708,#1713);
#1708 = PLANE('',#1709);
#1709 = AXIS2_PLACEMENT_3D('',#1710,#1711,#1712);
#1710 = CARTESIAN_POINT('',(59.75,112.,7.75));
#1711 = DIRECTION('',(-0.707106781187,4.670732822178E-17,-0.707106781187
    ));
#1712 = DIRECTION('',(6.991608832918E-16,1.,-6.331067462584E-16));
#1713 = DEFINITIONAL_REPRESENTATION('',(#1714),#1718);
#1714 = LINE('',#1715,#1716);
#1715 = CARTESIAN_POINT('',(-3.330669073875E-16,-0.353553390593));
#1716 = VECTOR('',#1717,1.);
#1717 = DIRECTION('',(-1.,0.));
#1718 = ( GEOMETRIC_REPRESENTATION_CONTEXT(2) 
PARAMETRIC_REPRESENTATION_CONTEXT() REPRESENTATION_CONTEXT('2D SPACE',''
  ) );
#1719 = ORIENTED_EDGE('',*,*,#929,.F.);
#1720 = ORIENTED_EDGE('',*,*,#1721,.F.);
#1721 = EDGE_CURVE('',#1722,#930,#1724,.T.);
#1722 = VERTEX_POINT('',#1723);
#1723 = CARTESIAN_POINT('',(50.,15.292893218813,8.));
#1724 = SURFACE_CURVE('',#1725,(#1729,#1736),.PCURVE_S1.);
#1725 = LINE('',#1726,#1727);
#1726 = CARTESIAN_POINT('',(50.,16.,8.));
#1727 = VECTOR('',#1728,1.);
#1728 = DIRECTION('',(1.110223024625E-16,-1.,2.109423746788E-15));
#1729 = PCURVE('',#505,#1730);
#1730 = DEFINITIONAL_REPRESENTATION('',(#1731),#1735);
#1731 = LINE('',#1732,#1733);
#1732 = CARTESIAN_POINT('',(104.,-50.));
#1733 = VECTOR('',#1734,1.);
#1734 = DIRECTION('',(1.,-1.443289932013E-15));
#1735 = ( GEOMETRIC_REPRESENTATION_CONTEXT(2) 
PARAMETRIC_REPRESENTATION_CONTEXT() REPRESENTATION_CONTEXT('2D SPACE',''
  ) );
#1736 = PCURVE('',#1350,#1737);
#1737 = DEFINITIONAL_REPRESENTATION('',(#1738),#1742);
#1738 = LINE('',#1739,#1740);
#1739 = CARTESIAN_POINT('',(2.828427124746,-5.171572875254));
#1740 = VECTOR('',#1741,1.);
#1741 = DIRECTION('',(-2.6645352591E-15,1.));
#1742 = ( GEOMETRIC_REPRESENTATION_CONTEXT(2) 
PARAMETRIC_REPRESENTATION_CONTEXT() REPRESENTATION_CONTEXT('2D SPACE',''
  ) );
#1743 = ORIENTED_EDGE('',*,*,#1744,.T.);
#1744 = EDGE_CURVE('',#1722,#1745,#1747,.T.);
#1745 = VERTEX_POINT('',#1746);
#1746 = CARTESIAN_POINT('',(49.5,16.,8.));
#1747 = SURFACE_CURVE('',#1748,(#1752,#1759),.PCURVE_S1.);
#1748 = LINE('',#1749,#1750);
#1749 = CARTESIAN_POINT('',(18.705916335364,59.54941075938,8.));
#1750 = VECTOR('',#1751,1.);
#1751 = DIRECTION('',(-0.57735026919,0.816496580928,-1.184883544332E-15)
  );
#1752 = PCURVE('',#505,#1753);
#1753 = DEFINITIONAL_REPRESENTATION('',(#1754),#1758);
#1754 = LINE('',#1755,#1756);
#1755 = CARTESIAN_POINT('',(60.45058924062,-18.70591633536));
#1756 = VECTOR('',#1757,1.);
#1757 = DIRECTION('',(-0.816496580928,0.57735026919));
#1758 = ( GEOMETRIC_REPRESENTATION_CONTEXT(2) 
PARAMETRIC_REPRESENTATION_CONTEXT() REPRESENTATION_CONTEXT('2D SPACE',''
  ) );
#1759 = PCURVE('',#1324,#1760);
#1760 = DEFINITIONAL_REPRESENTATION('',(#1761),#1765);
#1761 = LINE('',#1762,#1763);
#1762 = CARTESIAN_POINT('',(42.107792163621,43.902964149974));
#1763 = VECTOR('',#1764,1.);
#1764 = DIRECTION('',(0.57735026919,0.816496580928));
#1765 = ( GEOMETRIC_REPRESENTATION_CONTEXT(2) 
PARAMETRIC_REPRESENTATION_CONTEXT() REPRESENTATION_CONTEXT('2D SPACE',''
  ) );
#1766 = ORIENTED_EDGE('',*,*,#1767,.F.);
#1767 = EDGE_CURVE('',#1768,#1745,#1770,.T.);
#1768 = VERTEX_POINT('',#1769);
#1769 = CARTESIAN_POINT('',(45.5,16.,8.));
#1770 = SURFACE_CURVE('',#1771,(#1775,#1782),.PCURVE_S1.);
#1771 = LINE('',#1772,#1773);
#1772 = CARTESIAN_POINT('',(45.,16.,8.));
#1773 = VECTOR('',#1774,1.);
#1774 = DIRECTION('',(1.,-7.771561172376E-16,3.451266460342E-31));
#1775 = PCURVE('',#505,#1776);
#1776 = DEFINITIONAL_REPRESENTATION('',(#1777),#1781);
#1777 = LINE('',#1778,#1779);
#1778 = CARTESIAN_POINT('',(104.,-45.));
#1779 = VECTOR('',#1780,1.);
#1780 = DIRECTION('',(1.443289932013E-15,-1.));
#1781 = ( GEOMETRIC_REPRESENTATION_CONTEXT(2) 
PARAMETRIC_REPRESENTATION_CONTEXT() REPRESENTATION_CONTEXT('2D SPACE',''
  ) );
#1782 = PCURVE('',#1296,#1783);
#1783 = DEFINITIONAL_REPRESENTATION('',(#1784),#1788);
#1784 = LINE('',#1785,#1786);
#1785 = CARTESIAN_POINT('',(-11.31370849898,1.7763568394E-15));
#1786 = VECTOR('',#1787,1.);
#1787 = DIRECTION('',(-0.,-1.));
#1788 = ( GEOMETRIC_REPRESENTATION_CONTEXT(2) 
PARAMETRIC_REPRESENTATION_CONTEXT() REPRESENTATION_CONTEXT('2D SPACE',''
  ) );
#1789 = ORIENTED_EDGE('',*,*,#1790,.T.);
#1790 = EDGE_CURVE('',#1768,#1791,#1793,.T.);
#1791 = VERTEX_POINT('',#1792);
#1792 = CARTESIAN_POINT('',(45.,15.292893218813,8.));
#1793 = SURFACE_CURVE('',#1794,(#1798,#1805),.PCURVE_S1.);
#1794 = LINE('',#1795,#1796);
#1795 = CARTESIAN_POINT('',(60.460750331303,37.157696021806,8.));
#1796 = VECTOR('',#1797,1.);
#1797 = DIRECTION('',(-0.57735026919,-0.816496580928,-9.709157992365E-17
    ));
#1798 = PCURVE('',#505,#1799);
#1799 = DEFINITIONAL_REPRESENTATION('',(#1800),#1804);
#1800 = LINE('',#1801,#1802);
#1801 = CARTESIAN_POINT('',(82.842303978194,-60.4607503313));
#1802 = VECTOR('',#1803,1.);
#1803 = DIRECTION('',(0.816496580928,0.57735026919));
#1804 = ( GEOMETRIC_REPRESENTATION_CONTEXT(2) 
PARAMETRIC_REPRESENTATION_CONTEXT() REPRESENTATION_CONTEXT('2D SPACE',''
  ) );
#1805 = PCURVE('',#1268,#1806);
#1806 = DEFINITIONAL_REPRESENTATION('',(#1807),#1811);
#1807 = LINE('',#1808,#1809);
#1808 = CARTESIAN_POINT('',(-26.27445883028,-21.5112494124));
#1809 = VECTOR('',#1810,1.);
#1810 = DIRECTION('',(0.57735026919,0.816496580928));
#1811 = ( GEOMETRIC_REPRESENTATION_CONTEXT(2) 
PARAMETRIC_REPRESENTATION_CONTEXT() REPRESENTATION_CONTEXT('2D SPACE',''
  ) );
#1812 = ORIENTED_EDGE('',*,*,#1813,.T.);
#1813 = EDGE_CURVE('',#1791,#1202,#1814,.T.);
#1814 = SURFACE_CURVE('',#1815,(#1819,#1826),.PCURVE_S1.);
#1815 = LINE('',#1816,#1817);
#1816 = CARTESIAN_POINT('',(45.,16.,8.));
#1817 = VECTOR('',#1818,1.);
#1818 = DIRECTION('',(1.110223024625E-16,-1.,2.109423746788E-15));
#1819 = PCURVE('',#505,#1820);
#1820 = DEFINITIONAL_REPRESENTATION('',(#1821),#1825);
#1821 = LINE('',#1822,#1823);
#1822 = CARTESIAN_POINT('',(104.,-45.));
#1823 = VECTOR('',#1824,1.);
#1824 = DIRECTION('',(1.,-1.443289932013E-15));
#1825 = ( GEOMETRIC_REPRESENTATION_CONTEXT(2) 
PARAMETRIC_REPRESENTATION_CONTEXT() REPRESENTATION_CONTEXT('2D SPACE',''
  ) );
#1826 = PCURVE('',#1240,#1827);
#1827 = DEFINITIONAL_REPRESENTATION('',(#1828),#1832);
#1828 = LINE('',#1829,#1830);
#1829 = CARTESIAN_POINT('',(2.828427124746,-5.171572875254));
#1830 = VECTOR('',#1831,1.);
#1831 = DIRECTION('',(-2.6645352591E-15,1.));
#1832 = ( GEOMETRIC_REPRESENTATION_CONTEXT(2) 
PARAMETRIC_REPRESENTATION_CONTEXT() REPRESENTATION_CONTEXT('2D SPACE',''
  ) );
#1833 = ORIENTED_EDGE('',*,*,#1201,.F.);
#1834 = ORIENTED_EDGE('',*,*,#1835,.F.);
#1835 = EDGE_CURVE('',#1836,#1174,#1838,.T.);
#1836 = VERTEX_POINT('',#1837);
#1837 = CARTESIAN_POINT('',(15.,15.292893218813,8.));
#1838 = SURFACE_CURVE('',#1839,(#1843,#1850),.PCURVE_S1.);
#1839 = LINE('',#1840,#1841);
#1840 = CARTESIAN_POINT('',(15.,16.,8.));
#1841 = VECTOR('',#1842,1.);
#1842 = DIRECTION('',(2.22044604925E-16,-1.,1.443289932013E-15));
#1843 = PCURVE('',#505,#1844);
#1844 = DEFINITIONAL_REPRESENTATION('',(#1845),#1849);
#1845 = LINE('',#1846,#1847);
#1846 = CARTESIAN_POINT('',(104.,-15.));
#1847 = VECTOR('',#1848,1.);
#1848 = DIRECTION('',(1.,-1.554312234475E-15));
#1849 = ( GEOMETRIC_REPRESENTATION_CONTEXT(2) 
PARAMETRIC_REPRESENTATION_CONTEXT() REPRESENTATION_CONTEXT('2D SPACE',''
  ) );
#1850 = PCURVE('',#1189,#1851);
#1851 = DEFINITIONAL_REPRESENTATION('',(#1852),#1856);
#1852 = LINE('',#1853,#1854);
#1853 = CARTESIAN_POINT('',(-2.828427124746,-5.171572875254));
#1854 = VECTOR('',#1855,1.);
#1855 = DIRECTION('',(1.33226762955E-15,1.));
#1856 = ( GEOMETRIC_REPRESENTATION_CONTEXT(2) 
PARAMETRIC_REPRESENTATION_CONTEXT() REPRESENTATION_CONTEXT('2D SPACE',''
  ) );
#1857 = ORIENTED_EDGE('',*,*,#1858,.T.);
#1858 = EDGE_CURVE('',#1836,#1859,#1861,.T.);
#1859 = VERTEX_POINT('',#1860);
#1860 = CARTESIAN_POINT('',(14.5,16.,8.));
#1861 = SURFACE_CURVE('',#1862,(#1866,#1873),.PCURVE_S1.);
#1862 = LINE('',#1863,#1864);
#1863 = CARTESIAN_POINT('',(-10.4607503313,51.299831645537,8.));
#1864 = VECTOR('',#1865,1.);
#1865 = DIRECTION('',(-0.57735026919,0.816496580928,-1.184883544332E-15)
  );
#1866 = PCURVE('',#505,#1867);
#1867 = DEFINITIONAL_REPRESENTATION('',(#1868),#1872);
#1868 = LINE('',#1869,#1870);
#1869 = CARTESIAN_POINT('',(68.700168354463,10.460750331303));
#1870 = VECTOR('',#1871,1.);
#1871 = DIRECTION('',(-0.816496580928,0.57735026919));
#1872 = ( GEOMETRIC_REPRESENTATION_CONTEXT(2) 
PARAMETRIC_REPRESENTATION_CONTEXT() REPRESENTATION_CONTEXT('2D SPACE',''
  ) );
#1873 = PCURVE('',#1161,#1874);
#1874 = DEFINITIONAL_REPRESENTATION('',(#1875),#1879);
#1875 = LINE('',#1876,#1877);
#1876 = CARTESIAN_POINT('',(-36.27445883028,35.65338503613));
#1877 = VECTOR('',#1878,1.);
#1878 = DIRECTION('',(-0.57735026919,0.816496580928));
#1879 = ( GEOMETRIC_REPRESENTATION_CONTEXT(2) 
PARAMETRIC_REPRESENTATION_CONTEXT() REPRESENTATION_CONTEXT('2D SPACE',''
  ) );
#1880 = ORIENTED_EDGE('',*,*,#1881,.T.);
#1881 = EDGE_CURVE('',#1859,#1882,#1884,.T.);
#1882 = VERTEX_POINT('',#1883);
#1883 = CARTESIAN_POINT('',(10.5,16.,8.));
#1884 = SURFACE_CURVE('',#1885,(#1889,#1896),.PCURVE_S1.);
#1885 = LINE('',#1886,#1887);
#1886 = CARTESIAN_POINT('',(15.,16.,8.));
#1887 = VECTOR('',#1888,1.);
#1888 = DIRECTION('',(-1.,2.22044604925E-16,-1.110223024625E-16));
#1889 = PCURVE('',#505,#1890);
#1890 = DEFINITIONAL_REPRESENTATION('',(#1891),#1895);
#1891 = LINE('',#1892,#1893);
#1892 = CARTESIAN_POINT('',(104.,-15.));
#1893 = VECTOR('',#1894,1.);
#1894 = DIRECTION('',(-8.881784197001E-16,1.));
#1895 = ( GEOMETRIC_REPRESENTATION_CONTEXT(2) 
PARAMETRIC_REPRESENTATION_CONTEXT() REPRESENTATION_CONTEXT('2D SPACE',''
  ) );
#1896 = PCURVE('',#1133,#1897);
#1897 = DEFINITIONAL_REPRESENTATION('',(#1898),#1902);
#1898 = LINE('',#1899,#1900);
#1899 = CARTESIAN_POINT('',(11.313708498985,8.881784197001E-16));
#1900 = VECTOR('',#1901,1.);
#1901 = DIRECTION('',(-2.834968878138E-31,-1.));
#1902 = ( GEOMETRIC_REPRESENTATION_CONTEXT(2) 
PARAMETRIC_REPRESENTATION_CONTEXT() REPRESENTATION_CONTEXT('2D SPACE',''
  ) );
#1903 = ORIENTED_EDGE('',*,*,#1904,.T.);
#1904 = EDGE_CURVE('',#1882,#1905,#1907,.T.);
#1905 = VERTEX_POINT('',#1906);
#1906 = CARTESIAN_POINT('',(10.,15.292893218813,8.));
#1907 = SURFACE_CURVE('',#1908,(#1912,#1919),.PCURVE_S1.);
#1908 = LINE('',#1909,#1910);
#1909 = CARTESIAN_POINT('',(31.294083664636,45.407275135649,8.));
#1910 = VECTOR('',#1911,1.);
#1911 = DIRECTION('',(-0.57735026919,-0.816496580928,-9.709157992365E-17
    ));
#1912 = PCURVE('',#505,#1913);
#1913 = DEFINITIONAL_REPRESENTATION('',(#1914),#1918);
#1914 = LINE('',#1915,#1916);
#1915 = CARTESIAN_POINT('',(74.592724864351,-31.29408366463));
#1916 = VECTOR('',#1917,1.);
#1917 = DIRECTION('',(0.816496580928,0.57735026919));
#1918 = ( GEOMETRIC_REPRESENTATION_CONTEXT(2) 
PARAMETRIC_REPRESENTATION_CONTEXT() REPRESENTATION_CONTEXT('2D SPACE',''
  ) );
#1919 = PCURVE('',#1105,#1920);
#1920 = DEFINITIONAL_REPRESENTATION('',(#1921),#1925);
#1921 = LINE('',#1922,#1923);
#1922 = CARTESIAN_POINT('',(32.107792163621,-29.76082852624));
#1923 = VECTOR('',#1924,1.);
#1924 = DIRECTION('',(-0.57735026919,0.816496580928));
#1925 = ( GEOMETRIC_REPRESENTATION_CONTEXT(2) 
PARAMETRIC_REPRESENTATION_CONTEXT() REPRESENTATION_CONTEXT('2D SPACE',''
  ) );
#1926 = ORIENTED_EDGE('',*,*,#1927,.T.);
#1927 = EDGE_CURVE('',#1905,#1039,#1928,.T.);
#1928 = SURFACE_CURVE('',#1929,(#1933,#1940),.PCURVE_S1.);
#1929 = LINE('',#1930,#1931);
#1930 = CARTESIAN_POINT('',(10.,16.,8.));
#1931 = VECTOR('',#1932,1.);
#1932 = DIRECTION('',(2.22044604925E-16,-1.,1.443289932013E-15));
#1933 = PCURVE('',#505,#1934);
#1934 = DEFINITIONAL_REPRESENTATION('',(#1935),#1939);
#1935 = LINE('',#1936,#1937);
#1936 = CARTESIAN_POINT('',(104.,-10.));
#1937 = VECTOR('',#1938,1.);
#1938 = DIRECTION('',(1.,-1.554312234475E-15));
#1939 = ( GEOMETRIC_REPRESENTATION_CONTEXT(2) 
PARAMETRIC_REPRESENTATION_CONTEXT() REPRESENTATION_CONTEXT('2D SPACE',''
  ) );
#1940 = PCURVE('',#1077,#1941);
#1941 = DEFINITIONAL_REPRESENTATION('',(#1942),#1946);
#1942 = LINE('',#1943,#1944);
#1943 = CARTESIAN_POINT('',(-2.828427124746,-5.171572875254));
#1944 = VECTOR('',#1945,1.);
#1945 = DIRECTION('',(1.33226762955E-15,1.));
#1946 = ( GEOMETRIC_REPRESENTATION_CONTEXT(2) 
PARAMETRIC_REPRESENTATION_CONTEXT() REPRESENTATION_CONTEXT('2D SPACE',''
  ) );
#1947 = FACE_BOUND('',#1948,.F.);
#1948 = EDGE_LOOP('',(#1949));
#1949 = ORIENTED_EDGE('',*,*,#1950,.T.);
#1950 = EDGE_CURVE('',#1951,#1951,#1953,.T.);
#1951 = VERTEX_POINT('',#1952);
#1952 = CARTESIAN_POINT('',(47.5,106.95,8.));
#1953 = SURFACE_CURVE('',#1954,(#1959,#1970),.PCURVE_S1.);
#1954 = CIRCLE('',#1955,8.95);
#1955 = AXIS2_PLACEMENT_3D('',#1956,#1957,#1958);
#1956 = CARTESIAN_POINT('',(47.5,98.,8.));
#1957 = DIRECTION('',(-1.110223024625E-16,1.221245327088E-15,1.));
#1958 = DIRECTION('',(-4.440892098501E-16,1.,-1.221245327088E-15));
#1959 = PCURVE('',#505,#1960);
#1960 = DEFINITIONAL_REPRESENTATION('',(#1961),#1969);
#1961 = ( BOUNDED_CURVE() B_SPLINE_CURVE(2,(#1962,#1963,#1964,#1965,
#1966,#1967,#1968),.UNSPECIFIED.,.T.,.F.) B_SPLINE_CURVE_WITH_KNOTS((1,2
    ,2,2,2,1),(-2.094395102393,0.,2.094395102393,4.188790204786,
6.28318530718,8.377580409573),.UNSPECIFIED.) CURVE() 
GEOMETRIC_REPRESENTATION_ITEM() RATIONAL_B_SPLINE_CURVE((1.,0.5,1.,0.5,
1.,0.5,1.)) REPRESENTATION_ITEM('') );
#1962 = CARTESIAN_POINT('',(13.05,-47.5));
#1963 = CARTESIAN_POINT('',(13.05,-31.99814527225));
#1964 = CARTESIAN_POINT('',(26.475,-39.74907263612));
#1965 = CARTESIAN_POINT('',(39.9,-47.5));
#1966 = CARTESIAN_POINT('',(26.475,-55.25092736387));
#1967 = CARTESIAN_POINT('',(13.05,-63.00185472774));
#1968 = CARTESIAN_POINT('',(13.05,-47.5));
#1969 = ( GEOMETRIC_REPRESENTATION_CONTEXT(2) 
PARAMETRIC_REPRESENTATION_CONTEXT() REPRESENTATION_CONTEXT('2D SPACE',''
  ) );
#1970 = PCURVE('',#1971,#1976);
#1971 = CONICAL_SURFACE('',#1972,8.95,0.785398163397);
#1972 = AXIS2_PLACEMENT_3D('',#1973,#1974,#1975);
#1973 = CARTESIAN_POINT('',(47.5,98.,8.));
#1974 = DIRECTION('',(-1.443289932013E-15,-1.110223024625E-16,1.));
#1975 = DIRECTION('',(-4.440892098501E-16,1.,-1.221245327088E-15));
#1976 = DEFINITIONAL_REPRESENTATION('',(#1977),#1981);
#1977 = LINE('',#1978,#1979);
#1978 = CARTESIAN_POINT('',(0.,-0.));
#1979 = VECTOR('',#1980,1.);
#1980 = DIRECTION('',(1.,-0.));
#1981 = ( GEOMETRIC_REPRESENTATION_CONTEXT(2) 
PARAMETRIC_REPRESENTATION_CONTEXT() REPRESENTATION_CONTEXT('2D SPACE',''
  ) );
#1982 = FACE_BOUND('',#1983,.F.);
#1983 = EDGE_LOOP('',(#1984));
#1984 = ORIENTED_EDGE('',*,*,#1985,.T.);
#1985 = EDGE_CURVE('',#1986,#1986,#1988,.T.);
#1986 = VERTEX_POINT('',#1987);
#1987 = CARTESIAN_POINT('',(47.5,46.95,8.));
#1988 = SURFACE_CURVE('',#1989,(#1994,#2005),.PCURVE_S1.);
#1989 = CIRCLE('',#1990,8.95);
#1990 = AXIS2_PLACEMENT_3D('',#1991,#1992,#1993);
#1991 = CARTESIAN_POINT('',(47.5,38.,8.));
#1992 = DIRECTION('',(-1.110223024625E-16,1.221245327088E-15,1.));
#1993 = DIRECTION('',(-4.440892098501E-16,1.,-1.221245327088E-15));
#1994 = PCURVE('',#505,#1995);
#1995 = DEFINITIONAL_REPRESENTATION('',(#1996),#2004);
#1996 = ( BOUNDED_CURVE() B_SPLINE_CURVE(2,(#1997,#1998,#1999,#2000,
#2001,#2002,#2003),.UNSPECIFIED.,.T.,.F.) B_SPLINE_CURVE_WITH_KNOTS((1,2
    ,2,2,2,1),(-2.094395102393,0.,2.094395102393,4.188790204786,
6.28318530718,8.377580409573),.UNSPECIFIED.) CURVE() 
GEOMETRIC_REPRESENTATION_ITEM() RATIONAL_B_SPLINE_CURVE((1.,0.5,1.,0.5,
1.,0.5,1.)) REPRESENTATION_ITEM('') );
#1997 = CARTESIAN_POINT('',(73.05,-47.5));
#1998 = CARTESIAN_POINT('',(73.05,-31.99814527225));
#1999 = CARTESIAN_POINT('',(86.475,-39.74907263612));
#2000 = CARTESIAN_POINT('',(99.9,-47.5));
#2001 = CARTESIAN_POINT('',(86.475,-55.25092736387));
#2002 = CARTESIAN_POINT('',(73.05,-63.00185472774));
#2003 = CARTESIAN_POINT('',(73.05,-47.5));
#2004 = ( GEOMETRIC_REPRESENTATION_CONTEXT(2) 
PARAMETRIC_REPRESENTATION_CONTEXT() REPRESENTATION_CONTEXT('2D SPACE',''
  ) );
#2005 = PCURVE('',#2006,#2011);
#2006 = CONICAL_SURFACE('',#2007,8.95,0.785398163397);
#2007 = AXIS2_PLACEMENT_3D('',#2008,#2009,#2010);
#2008 = CARTESIAN_POINT('',(47.5,38.,8.));
#2009 = DIRECTION('',(-1.443289932013E-15,-1.110223024625E-16,1.));
#2010 = DIRECTION('',(-4.440892098501E-16,1.,-1.221245327088E-15));
#2011 = DEFINITIONAL_REPRESENTATION('',(#2012),#2016);
#2012 = LINE('',#2013,#2014);
#2013 = CARTESIAN_POINT('',(0.,-0.));
#2014 = VECTOR('',#2015,1.);
#2015 = DIRECTION('',(1.,-0.));
#2016 = ( GEOMETRIC_REPRESENTATION_CONTEXT(2) 
PARAMETRIC_REPRESENTATION_CONTEXT() REPRESENTATION_CONTEXT('2D SPACE',''
  ) );
#2017 = FACE_BOUND('',#2018,.F.);
#2018 = EDGE_LOOP('',(#2019));
#2019 = ORIENTED_EDGE('',*,*,#2020,.T.);
#2020 = EDGE_CURVE('',#2021,#2021,#2023,.T.);
#2021 = VERTEX_POINT('',#2022);
#2022 = CARTESIAN_POINT('',(12.5,106.95,8.));
#2023 = SURFACE_CURVE('',#2024,(#2029,#2040),.PCURVE_S1.);
#2024 = CIRCLE('',#2025,8.95);
#2025 = AXIS2_PLACEMENT_3D('',#2026,#2027,#2028);
#2026 = CARTESIAN_POINT('',(12.5,98.,8.));
#2027 = DIRECTION('',(-1.110223024625E-16,1.221245327088E-15,1.));
#2028 = DIRECTION('',(-4.440892098501E-16,1.,-1.221245327088E-15));
#2029 = PCURVE('',#505,#2030);
#2030 = DEFINITIONAL_REPRESENTATION('',(#2031),#2039);
#2031 = ( BOUNDED_CURVE() B_SPLINE_CURVE(2,(#2032,#2033,#2034,#2035,
#2036,#2037,#2038),.UNSPECIFIED.,.T.,.F.) B_SPLINE_CURVE_WITH_KNOTS((1,2
    ,2,2,2,1),(-2.094395102393,0.,2.094395102393,4.188790204786,
6.28318530718,8.377580409573),.UNSPECIFIED.) CURVE() 
GEOMETRIC_REPRESENTATION_ITEM() RATIONAL_B_SPLINE_CURVE((1.,0.5,1.,0.5,
1.,0.5,1.)) REPRESENTATION_ITEM('') );
#2032 = CARTESIAN_POINT('',(13.05,-12.5));
#2033 = CARTESIAN_POINT('',(13.05,3.001854727741));
#2034 = CARTESIAN_POINT('',(26.475,-4.749072636129));
#2035 = CARTESIAN_POINT('',(39.9,-12.5));
#2036 = CARTESIAN_POINT('',(26.475,-20.25092736387));
#2037 = CARTESIAN_POINT('',(13.05,-28.00185472774));
#2038 = CARTESIAN_POINT('',(13.05,-12.5));
#2039 = ( GEOMETRIC_REPRESENTATION_CONTEXT(2) 
PARAMETRIC_REPRESENTATION_CONTEXT() REPRESENTATION_CONTEXT('2D SPACE',''
  ) );
#2040 = PCURVE('',#2041,#2046);
#2041 = CONICAL_SURFACE('',#2042,8.95,0.785398163397);
#2042 = AXIS2_PLACEMENT_3D('',#2043,#2044,#2045);
#2043 = CARTESIAN_POINT('',(12.5,98.,8.));
#2044 = DIRECTION('',(-1.443289932013E-15,-1.110223024625E-16,1.));
#2045 = DIRECTION('',(-4.440892098501E-16,1.,-1.221245327088E-15));
#2046 = DEFINITIONAL_REPRESENTATION('',(#2047),#2051);
#2047 = LINE('',#2048,#2049);
#2048 = CARTESIAN_POINT('',(0.,-0.));
#2049 = VECTOR('',#2050,1.);
#2050 = DIRECTION('',(1.,-0.));
#2051 = ( GEOMETRIC_REPRESENTATION_CONTEXT(2) 
PARAMETRIC_REPRESENTATION_CONTEXT() REPRESENTATION_CONTEXT('2D SPACE',''
  ) );
#2052 = FACE_BOUND('',#2053,.F.);
#2053 = EDGE_LOOP('',(#2054));
#2054 = ORIENTED_EDGE('',*,*,#2055,.T.);
#2055 = EDGE_CURVE('',#2056,#2056,#2058,.T.);
#2056 = VERTEX_POINT('',#2057);
#2057 = CARTESIAN_POINT('',(12.5,46.95,8.));
#2058 = SURFACE_CURVE('',#2059,(#2064,#2075),.PCURVE_S1.);
#2059 = CIRCLE('',#2060,8.95);
#2060 = AXIS2_PLACEMENT_3D('',#2061,#2062,#2063);
#2061 = CARTESIAN_POINT('',(12.5,38.,8.));
#2062 = DIRECTION('',(-1.110223024625E-16,1.221245327088E-15,1.));
#2063 = DIRECTION('',(-4.440892098501E-16,1.,-1.221245327088E-15));
#2064 = PCURVE('',#505,#2065);
#2065 = DEFINITIONAL_REPRESENTATION('',(#2066),#2074);
#2066 = ( BOUNDED_CURVE() B_SPLINE_CURVE(2,(#2067,#2068,#2069,#2070,
#2071,#2072,#2073),.UNSPECIFIED.,.T.,.F.) B_SPLINE_CURVE_WITH_KNOTS((1,2
    ,2,2,2,1),(-2.094395102393,0.,2.094395102393,4.188790204786,
6.28318530718,8.377580409573),.UNSPECIFIED.) CURVE() 
GEOMETRIC_REPRESENTATION_ITEM() RATIONAL_B_SPLINE_CURVE((1.,0.5,1.,0.5,
1.,0.5,1.)) REPRESENTATION_ITEM('') );
#2067 = CARTESIAN_POINT('',(73.05,-12.5));
#2068 = CARTESIAN_POINT('',(73.05,3.001854727741));
#2069 = CARTESIAN_POINT('',(86.475,-4.749072636129));
#2070 = CARTESIAN_POINT('',(99.9,-12.5));
#2071 = CARTESIAN_POINT('',(86.475,-20.25092736387));
#2072 = CARTESIAN_POINT('',(73.05,-28.00185472774));
#2073 = CARTESIAN_POINT('',(73.05,-12.5));
#2074 = ( GEOMETRIC_REPRESENTATION_CONTEXT(2) 
PARAMETRIC_REPRESENTATION_CONTEXT() REPRESENTATION_CONTEXT('2D SPACE',''
  ) );
#2075 = PCURVE('',#2076,#2081);
#2076 = CONICAL_SURFACE('',#2077,8.95,0.785398163397);
#2077 = AXIS2_PLACEMENT_3D('',#2078,#2079,#2080);
#2078 = CARTESIAN_POINT('',(12.5,38.,8.));
#2079 = DIRECTION('',(-1.443289932013E-15,-1.110223024625E-16,1.));
#2080 = DIRECTION('',(-4.440892098501E-16,1.,-1.221245327088E-15));
#2081 = DEFINITIONAL_REPRESENTATION('',(#2082),#2086);
#2082 = LINE('',#2083,#2084);
#2083 = CARTESIAN_POINT('',(0.,-0.));
#2084 = VECTOR('',#2085,1.);
#2085 = DIRECTION('',(1.,-0.));
#2086 = ( GEOMETRIC_REPRESENTATION_CONTEXT(2) 
PARAMETRIC_REPRESENTATION_CONTEXT() REPRESENTATION_CONTEXT('2D SPACE',''
  ) );
#2087 = ADVANCED_FACE('',(#2088),#531,.T.);
#2088 = FACE_BOUND('',#2089,.T.);
#2089 = EDGE_LOOP('',(#2090,#2091,#2092,#2113));
#2090 = ORIENTED_EDGE('',*,*,#517,.F.);
#2091 = ORIENTED_EDGE('',*,*,#1613,.T.);
#2092 = ORIENTED_EDGE('',*,*,#2093,.T.);
#2093 = EDGE_CURVE('',#1614,#605,#2094,.T.);
#2094 = SURFACE_CURVE('',#2095,(#2099,#2106),.PCURVE_S1.);
#2095 = LINE('',#2096,#2097);
#2096 = CARTESIAN_POINT('',(8.,120.,7.5));
#2097 = VECTOR('',#2098,1.);
#2098 = DIRECTION('',(-8.283440321537E-16,0.707106781187,-0.707106781187
    ));
#2099 = PCURVE('',#531,#2100);
#2100 = DEFINITIONAL_REPRESENTATION('',(#2101),#2105);
#2101 = LINE('',#2102,#2103);
#2102 = CARTESIAN_POINT('',(1.570796326795,0.));
#2103 = VECTOR('',#2104,1.);
#2104 = DIRECTION('',(0.,1.));
#2105 = ( GEOMETRIC_REPRESENTATION_CONTEXT(2) 
PARAMETRIC_REPRESENTATION_CONTEXT() REPRESENTATION_CONTEXT('2D SPACE',''
  ) );
#2106 = PCURVE('',#1653,#2107);
#2107 = DEFINITIONAL_REPRESENTATION('',(#2108),#2112);
#2108 = LINE('',#2109,#2110);
#2109 = CARTESIAN_POINT('',(-2.109423746788E-15,0.353553390593));
#2110 = VECTOR('',#2111,1.);
#2111 = DIRECTION('',(-1.770399507364E-15,1.));
#2112 = ( GEOMETRIC_REPRESENTATION_CONTEXT(2) 
PARAMETRIC_REPRESENTATION_CONTEXT() REPRESENTATION_CONTEXT('2D SPACE',''
  ) );
#2113 = ORIENTED_EDGE('',*,*,#660,.F.);
#2114 = ADVANCED_FACE('',(#2115),#585,.T.);
#2115 = FACE_BOUND('',#2116,.T.);
#2116 = EDGE_LOOP('',(#2117,#2118,#2119,#2142));
#2117 = ORIENTED_EDGE('',*,*,#1435,.F.);
#2118 = ORIENTED_EDGE('',*,*,#570,.F.);
#2119 = ORIENTED_EDGE('',*,*,#2120,.T.);
#2120 = EDGE_CURVE('',#548,#2121,#2123,.T.);
#2121 = VERTEX_POINT('',#2122);
#2122 = CARTESIAN_POINT('',(59.5,8.,1.016409179044E-13));
#2123 = SURFACE_CURVE('',#2124,(#2128,#2135),.PCURVE_S1.);
#2124 = LINE('',#2125,#2126);
#2125 = CARTESIAN_POINT('',(-3.5527136788E-15,8.,-1.68753899743E-14));
#2126 = VECTOR('',#2127,1.);
#2127 = DIRECTION('',(1.,-1.554312234475E-15,-2.22044604925E-16));
#2128 = PCURVE('',#585,#2129);
#2129 = DEFINITIONAL_REPRESENTATION('',(#2130),#2134);
#2130 = LINE('',#2131,#2132);
#2131 = CARTESIAN_POINT('',(1.570796326795,0.));
#2132 = VECTOR('',#2133,1.);
#2133 = DIRECTION('',(0.,1.));
#2134 = ( GEOMETRIC_REPRESENTATION_CONTEXT(2) 
PARAMETRIC_REPRESENTATION_CONTEXT() REPRESENTATION_CONTEXT('2D SPACE',''
  ) );
#2135 = PCURVE('',#722,#2136);
#2136 = DEFINITIONAL_REPRESENTATION('',(#2137),#2141);
#2137 = LINE('',#2138,#2139);
#2138 = CARTESIAN_POINT('',(8.,8.881784197001E-15));
#2139 = VECTOR('',#2140,1.);
#2140 = DIRECTION('',(-1.554312234475E-15,-1.));
#2141 = ( GEOMETRIC_REPRESENTATION_CONTEXT(2) 
PARAMETRIC_REPRESENTATION_CONTEXT() REPRESENTATION_CONTEXT('2D SPACE',''
  ) );
#2142 = ORIENTED_EDGE('',*,*,#2143,.F.);
#2143 = EDGE_CURVE('',#1436,#2121,#2144,.T.);
#2144 = SURFACE_CURVE('',#2145,(#2150,#2157),.PCURVE_S1.);
#2145 = CIRCLE('',#2146,8.);
#2146 = AXIS2_PLACEMENT_3D('',#2147,#2148,#2149);
#2147 = CARTESIAN_POINT('',(59.5,8.,8.));
#2148 = DIRECTION('',(1.,1.010728034814E-30,1.33226762955E-15));
#2149 = DIRECTION('',(1.417484439069E-29,-1.,-9.880984919164E-15));
#2150 = PCURVE('',#585,#2151);
#2151 = DEFINITIONAL_REPRESENTATION('',(#2152),#2156);
#2152 = LINE('',#2153,#2154);
#2153 = CARTESIAN_POINT('',(4.996003610813E-15,59.5));
#2154 = VECTOR('',#2155,1.);
#2155 = DIRECTION('',(1.,0.));
#2156 = ( GEOMETRIC_REPRESENTATION_CONTEXT(2) 
PARAMETRIC_REPRESENTATION_CONTEXT() REPRESENTATION_CONTEXT('2D SPACE',''
  ) );
#2157 = PCURVE('',#2158,#2163);
#2158 = CONICAL_SURFACE('',#2159,8.,0.785398163397);
#2159 = AXIS2_PLACEMENT_3D('',#2160,#2161,#2162);
#2160 = CARTESIAN_POINT('',(59.5,8.,8.));
#2161 = DIRECTION('',(-1.,-1.010728034814E-30,-1.33226762955E-15));
#2162 = DIRECTION('',(1.417484439069E-29,-1.,-9.880984919164E-15));
#2163 = DEFINITIONAL_REPRESENTATION('',(#2164),#2168);
#2164 = LINE('',#2165,#2166);
#2165 = CARTESIAN_POINT('',(-0.,-0.));
#2166 = VECTOR('',#2167,1.);
#2167 = DIRECTION('',(-1.,-0.));
#2168 = ( GEOMETRIC_REPRESENTATION_CONTEXT(2) 
PARAMETRIC_REPRESENTATION_CONTEXT() REPRESENTATION_CONTEXT('2D SPACE',''
  ) );
#2169 = ADVANCED_FACE('',(#2170),#620,.F.);
#2170 = FACE_BOUND('',#2171,.F.);
#2171 = EDGE_LOOP('',(#2172,#2173,#2201,#2229));
#2172 = ORIENTED_EDGE('',*,*,#602,.F.);
#2173 = ORIENTED_EDGE('',*,*,#2174,.F.);
#2174 = EDGE_CURVE('',#2175,#603,#2177,.T.);
#2175 = VERTEX_POINT('',#2176);
#2176 = CARTESIAN_POINT('',(52.,120.,0.5));
#2177 = SURFACE_CURVE('',#2178,(#2182,#2189),.PCURVE_S1.);
#2178 = LINE('',#2179,#2180);
#2179 = CARTESIAN_POINT('',(52.,120.,0.5));
#2180 = VECTOR('',#2181,1.);
#2181 = DIRECTION('',(-1.,8.881784197001E-16,-4.440892098501E-16));
#2182 = PCURVE('',#620,#2183);
#2183 = DEFINITIONAL_REPRESENTATION('',(#2184),#2188);
#2184 = LINE('',#2185,#2186);
#2185 = CARTESIAN_POINT('',(0.5,-52.));
#2186 = VECTOR('',#2187,1.);
#2187 = DIRECTION('',(1.554312234475E-15,1.));
#2188 = ( GEOMETRIC_REPRESENTATION_CONTEXT(2) 
PARAMETRIC_REPRESENTATION_CONTEXT() REPRESENTATION_CONTEXT('2D SPACE',''
  ) );
#2189 = PCURVE('',#2190,#2195);
#2190 = PLANE('',#2191);
#2191 = AXIS2_PLACEMENT_3D('',#2192,#2193,#2194);
#2192 = CARTESIAN_POINT('',(52.,119.75,0.25));
#2193 = DIRECTION('',(7.949952323267E-16,0.707106781187,-0.707106781187)
  );
#2194 = DIRECTION('',(-1.,7.841911247142E-16,-3.401019148641E-16));
#2195 = DEFINITIONAL_REPRESENTATION('',(#2196),#2200);
#2196 = LINE('',#2197,#2198);
#2197 = CARTESIAN_POINT('',(1.110223024625E-16,0.353553390593));
#2198 = VECTOR('',#2199,1.);
#2199 = DIRECTION('',(1.,0.));
#2200 = ( GEOMETRIC_REPRESENTATION_CONTEXT(2) 
PARAMETRIC_REPRESENTATION_CONTEXT() REPRESENTATION_CONTEXT('2D SPACE',''
  ) );
#2201 = ORIENTED_EDGE('',*,*,#2202,.T.);
#2202 = EDGE_CURVE('',#2175,#2203,#2205,.T.);
#2203 = VERTEX_POINT('',#2204);
#2204 = CARTESIAN_POINT('',(52.,120.,7.5));
#2205 = SURFACE_CURVE('',#2206,(#2210,#2217),.PCURVE_S1.);
#2206 = LINE('',#2207,#2208);
#2207 = CARTESIAN_POINT('',(52.,120.,-2.531308496145E-13));
#2208 = VECTOR('',#2209,1.);
#2209 = DIRECTION('',(-1.998401444325E-15,-2.22044604925E-16,1.));
#2210 = PCURVE('',#620,#2211);
#2211 = DEFINITIONAL_REPRESENTATION('',(#2212),#2216);
#2212 = LINE('',#2213,#2214);
#2213 = CARTESIAN_POINT('',(-8.260059303211E-14,-52.));
#2214 = VECTOR('',#2215,1.);
#2215 = DIRECTION('',(1.,1.33226762955E-15));
#2216 = ( GEOMETRIC_REPRESENTATION_CONTEXT(2) 
PARAMETRIC_REPRESENTATION_CONTEXT() REPRESENTATION_CONTEXT('2D SPACE',''
  ) );
#2217 = PCURVE('',#2218,#2223);
#2218 = CYLINDRICAL_SURFACE('',#2219,8.);
#2219 = AXIS2_PLACEMENT_3D('',#2220,#2221,#2222);
#2220 = CARTESIAN_POINT('',(52.,112.,-2.389199948993E-13));
#2221 = DIRECTION('',(-1.998401444325E-15,-2.22044604925E-16,1.));
#2222 = DIRECTION('',(-4.440892098501E-16,1.,-1.7763568394E-15));
#2223 = DEFINITIONAL_REPRESENTATION('',(#2224),#2228);
#2224 = LINE('',#2225,#2226);
#2225 = CARTESIAN_POINT('',(-0.,0.));
#2226 = VECTOR('',#2227,1.);
#2227 = DIRECTION('',(-0.,1.));
#2228 = ( GEOMETRIC_REPRESENTATION_CONTEXT(2) 
PARAMETRIC_REPRESENTATION_CONTEXT() REPRESENTATION_CONTEXT('2D SPACE',''
  ) );
#2229 = ORIENTED_EDGE('',*,*,#2230,.F.);
#2230 = EDGE_CURVE('',#605,#2203,#2231,.T.);
#2231 = SURFACE_CURVE('',#2232,(#2236,#2243),.PCURVE_S1.);
#2232 = LINE('',#2233,#2234);
#2233 = CARTESIAN_POINT('',(8.,120.,7.5));
#2234 = VECTOR('',#2235,1.);
#2235 = DIRECTION('',(1.,-8.881784197001E-16,4.440892098501E-16));
#2236 = PCURVE('',#620,#2237);
#2237 = DEFINITIONAL_REPRESENTATION('',(#2238),#2242);
#2238 = LINE('',#2239,#2240);
#2239 = CARTESIAN_POINT('',(7.5,-8.));
#2240 = VECTOR('',#2241,1.);
#2241 = DIRECTION('',(-1.554312234475E-15,-1.));
#2242 = ( GEOMETRIC_REPRESENTATION_CONTEXT(2) 
PARAMETRIC_REPRESENTATION_CONTEXT() REPRESENTATION_CONTEXT('2D SPACE',''
  ) );
#2243 = PCURVE('',#1653,#2244);
#2244 = DEFINITIONAL_REPRESENTATION('',(#2245),#2249);
#2245 = LINE('',#2246,#2247);
#2246 = CARTESIAN_POINT('',(-3.330669073875E-16,0.353553390593));
#2247 = VECTOR('',#2248,1.);
#2248 = DIRECTION('',(1.,0.));
#2249 = ( GEOMETRIC_REPRESENTATION_CONTEXT(2) 
PARAMETRIC_REPRESENTATION_CONTEXT() REPRESENTATION_CONTEXT('2D SPACE',''
  ) );
#2250 = ADVANCED_FACE('',(#2251),#647,.T.);
#2251 = FACE_BOUND('',#2252,.T.);
#2252 = EDGE_LOOP('',(#2253,#2276,#2298,#2299));
#2253 = ORIENTED_EDGE('',*,*,#2254,.F.);
#2254 = EDGE_CURVE('',#2255,#603,#2257,.T.);
#2255 = VERTEX_POINT('',#2256);
#2256 = CARTESIAN_POINT('',(8.,119.5,-3.87190279838E-14));
#2257 = SURFACE_CURVE('',#2258,(#2262,#2269),.PCURVE_S1.);
#2258 = LINE('',#2259,#2260);
#2259 = CARTESIAN_POINT('',(8.,119.75,0.25));
#2260 = VECTOR('',#2261,1.);
#2261 = DIRECTION('',(3.140184917368E-16,0.707106781187,0.707106781187)
  );
#2262 = PCURVE('',#647,#2263);
#2263 = DEFINITIONAL_REPRESENTATION('',(#2264),#2268);
#2264 = LINE('',#2265,#2266);
#2265 = CARTESIAN_POINT('',(-6.661338147751E-16,-0.25));
#2266 = VECTOR('',#2267,1.);
#2267 = DIRECTION('',(0.,1.));
#2268 = ( GEOMETRIC_REPRESENTATION_CONTEXT(2) 
PARAMETRIC_REPRESENTATION_CONTEXT() REPRESENTATION_CONTEXT('2D SPACE',''
  ) );
#2269 = PCURVE('',#2190,#2270);
#2270 = DEFINITIONAL_REPRESENTATION('',(#2271),#2275);
#2271 = LINE('',#2272,#2273);
#2272 = CARTESIAN_POINT('',(44.,-6.457005236337E-15));
#2273 = VECTOR('',#2274,1.);
#2274 = DIRECTION('',(9.860761315263E-32,1.));
#2275 = ( GEOMETRIC_REPRESENTATION_CONTEXT(2) 
PARAMETRIC_REPRESENTATION_CONTEXT() REPRESENTATION_CONTEXT('2D SPACE',''
  ) );
#2276 = ORIENTED_EDGE('',*,*,#2277,.T.);
#2277 = EDGE_CURVE('',#2255,#686,#2278,.T.);
#2278 = SURFACE_CURVE('',#2279,(#2284,#2291),.PCURVE_S1.);
#2279 = CIRCLE('',#2280,7.5);
#2280 = AXIS2_PLACEMENT_3D('',#2281,#2282,#2283);
#2281 = CARTESIAN_POINT('',(8.,112.,-1.456612608308E-13));
#2282 = DIRECTION('',(-4.440892098501E-16,1.33226762955E-15,1.));
#2283 = DIRECTION('',(9.547918011776E-15,1.,-1.33226762955E-15));
#2284 = PCURVE('',#647,#2285);
#2285 = DEFINITIONAL_REPRESENTATION('',(#2286),#2290);
#2286 = LINE('',#2287,#2288);
#2287 = CARTESIAN_POINT('',(0.,-0.5));
#2288 = VECTOR('',#2289,1.);
#2289 = DIRECTION('',(1.,0.));
#2290 = ( GEOMETRIC_REPRESENTATION_CONTEXT(2) 
PARAMETRIC_REPRESENTATION_CONTEXT() REPRESENTATION_CONTEXT('2D SPACE',''
  ) );
#2291 = PCURVE('',#722,#2292);
#2292 = DEFINITIONAL_REPRESENTATION('',(#2293),#2297);
#2293 = CIRCLE('',#2294,7.5);
#2294 = AXIS2_PLACEMENT_2D('',#2295,#2296);
#2295 = CARTESIAN_POINT('',(112.,-8.));
#2296 = DIRECTION('',(1.,-8.215650382226E-15));
#2297 = ( GEOMETRIC_REPRESENTATION_CONTEXT(2) 
PARAMETRIC_REPRESENTATION_CONTEXT() REPRESENTATION_CONTEXT('2D SPACE',''
  ) );
#2298 = ORIENTED_EDGE('',*,*,#685,.T.);
#2299 = ORIENTED_EDGE('',*,*,#632,.F.);
#2300 = ADVANCED_FACE('',(#2301,#2384,#2419,#2454,#2489),#722,.F.);
#2301 = FACE_BOUND('',#2302,.F.);
#2302 = EDGE_LOOP('',(#2303,#2304,#2332,#2361,#2382,#2383));
#2303 = ORIENTED_EDGE('',*,*,#2120,.T.);
#2304 = ORIENTED_EDGE('',*,*,#2305,.T.);
#2305 = EDGE_CURVE('',#2121,#2306,#2308,.T.);
#2306 = VERTEX_POINT('',#2307);
#2307 = CARTESIAN_POINT('',(59.5,112.,-7.632783294298E-14));
#2308 = SURFACE_CURVE('',#2309,(#2313,#2320),.PCURVE_S1.);
#2309 = LINE('',#2310,#2311);
#2310 = CARTESIAN_POINT('',(59.5,8.,6.168399124817E-14));
#2311 = VECTOR('',#2312,1.);
#2312 = DIRECTION('',(7.642090019329E-31,1.,-1.33226762955E-15));
#2313 = PCURVE('',#722,#2314);
#2314 = DEFINITIONAL_REPRESENTATION('',(#2315),#2319);
#2315 = LINE('',#2316,#2317);
#2316 = CARTESIAN_POINT('',(8.,-59.5));
#2317 = VECTOR('',#2318,1.);
#2318 = DIRECTION('',(1.,1.33226762955E-15));
#2319 = ( GEOMETRIC_REPRESENTATION_CONTEXT(2) 
PARAMETRIC_REPRESENTATION_CONTEXT() REPRESENTATION_CONTEXT('2D SPACE',''
  ) );
#2320 = PCURVE('',#2321,#2326);
#2321 = PLANE('',#2322);
#2322 = AXIS2_PLACEMENT_3D('',#2323,#2324,#2325);
#2323 = CARTESIAN_POINT('',(59.75,8.,0.25));
#2324 = DIRECTION('',(-0.707106781187,9.75856939552E-16,0.707106781187)
  );
#2325 = DIRECTION('',(-2.390124465004E-17,-1.,1.3561688742E-15));
#2326 = DEFINITIONAL_REPRESENTATION('',(#2327),#2331);
#2327 = LINE('',#2328,#2329);
#2328 = CARTESIAN_POINT('',(-3.330669073875E-16,-0.353553390593));
#2329 = VECTOR('',#2330,1.);
#2330 = DIRECTION('',(-1.,-1.972152263053E-31));
#2331 = ( GEOMETRIC_REPRESENTATION_CONTEXT(2) 
PARAMETRIC_REPRESENTATION_CONTEXT() REPRESENTATION_CONTEXT('2D SPACE',''
  ) );
#2332 = ORIENTED_EDGE('',*,*,#2333,.T.);
#2333 = EDGE_CURVE('',#2306,#2334,#2336,.T.);
#2334 = VERTEX_POINT('',#2335);
#2335 = CARTESIAN_POINT('',(52.,119.5,-1.358357870629E-13));
#2336 = SURFACE_CURVE('',#2337,(#2342,#2349),.PCURVE_S1.);
#2337 = CIRCLE('',#2338,7.5);
#2338 = AXIS2_PLACEMENT_3D('',#2339,#2340,#2341);
#2339 = CARTESIAN_POINT('',(52.,112.,-1.261213355974E-13));
#2340 = DIRECTION('',(-4.440892098501E-16,1.33226762955E-15,1.));
#2341 = DIRECTION('',(1.,1.7763568394E-15,4.440892098501E-16));
#2342 = PCURVE('',#722,#2343);
#2343 = DEFINITIONAL_REPRESENTATION('',(#2344),#2348);
#2344 = CIRCLE('',#2345,7.5);
#2345 = AXIS2_PLACEMENT_2D('',#2346,#2347);
#2346 = CARTESIAN_POINT('',(112.,-52.));
#2347 = DIRECTION('',(1.110223024625E-15,-1.));
#2348 = ( GEOMETRIC_REPRESENTATION_CONTEXT(2) 
PARAMETRIC_REPRESENTATION_CONTEXT() REPRESENTATION_CONTEXT('2D SPACE',''
  ) );
#2349 = PCURVE('',#2350,#2355);
#2350 = CONICAL_SURFACE('',#2351,8.,0.785398163397);
#2351 = AXIS2_PLACEMENT_3D('',#2352,#2353,#2354);
#2352 = CARTESIAN_POINT('',(52.,112.,0.5));
#2353 = DIRECTION('',(-4.440892098501E-16,1.33226762955E-15,1.));
#2354 = DIRECTION('',(1.,1.7763568394E-15,4.440892098501E-16));
#2355 = DEFINITIONAL_REPRESENTATION('',(#2356),#2360);
#2356 = LINE('',#2357,#2358);
#2357 = CARTESIAN_POINT('',(0.,-0.5));
#2358 = VECTOR('',#2359,1.);
#2359 = DIRECTION('',(1.,0.));
#2360 = ( GEOMETRIC_REPRESENTATION_CONTEXT(2) 
PARAMETRIC_REPRESENTATION_CONTEXT() REPRESENTATION_CONTEXT('2D SPACE',''
  ) );
#2361 = ORIENTED_EDGE('',*,*,#2362,.T.);
#2362 = EDGE_CURVE('',#2334,#2255,#2363,.T.);
#2363 = SURFACE_CURVE('',#2364,(#2368,#2375),.PCURVE_S1.);
#2364 = LINE('',#2365,#2366);
#2365 = CARTESIAN_POINT('',(52.,119.5,-2.153832667773E-14));
#2366 = VECTOR('',#2367,1.);
#2367 = DIRECTION('',(-1.,8.881784197001E-16,-4.440892098501E-16));
#2368 = PCURVE('',#722,#2369);
#2369 = DEFINITIONAL_REPRESENTATION('',(#2370),#2374);
#2370 = LINE('',#2371,#2372);
#2371 = CARTESIAN_POINT('',(119.5,-52.));
#2372 = VECTOR('',#2373,1.);
#2373 = DIRECTION('',(1.554312234475E-15,1.));
#2374 = ( GEOMETRIC_REPRESENTATION_CONTEXT(2) 
PARAMETRIC_REPRESENTATION_CONTEXT() REPRESENTATION_CONTEXT('2D SPACE',''
  ) );
#2375 = PCURVE('',#2190,#2376);
#2376 = DEFINITIONAL_REPRESENTATION('',(#2377),#2381);
#2377 = LINE('',#2378,#2379);
#2378 = CARTESIAN_POINT('',(-1.110223024625E-16,-0.353553390593));
#2379 = VECTOR('',#2380,1.);
#2380 = DIRECTION('',(1.,0.));
#2381 = ( GEOMETRIC_REPRESENTATION_CONTEXT(2) 
PARAMETRIC_REPRESENTATION_CONTEXT() REPRESENTATION_CONTEXT('2D SPACE',''
  ) );
#2382 = ORIENTED_EDGE('',*,*,#2277,.T.);
#2383 = ORIENTED_EDGE('',*,*,#708,.T.);
#2384 = FACE_BOUND('',#2385,.F.);
#2385 = EDGE_LOOP('',(#2386));
#2386 = ORIENTED_EDGE('',*,*,#2387,.T.);
#2387 = EDGE_CURVE('',#2388,#2388,#2390,.T.);
#2388 = VERTEX_POINT('',#2389);
#2389 = CARTESIAN_POINT('',(47.5,42.5,-3.541611448554E-14));
#2390 = SURFACE_CURVE('',#2391,(#2396,#2407),.PCURVE_S1.);
#2391 = CIRCLE('',#2392,4.5);
#2392 = AXIS2_PLACEMENT_3D('',#2393,#2394,#2395);
#2393 = CARTESIAN_POINT('',(47.5,38.,-4.857225732735E-14));
#2394 = DIRECTION('',(1.110223024625E-16,-1.221245327088E-15,-1.));
#2395 = DIRECTION('',(-4.440892098501E-16,1.,-1.221245327088E-15));
#2396 = PCURVE('',#722,#2397);
#2397 = DEFINITIONAL_REPRESENTATION('',(#2398),#2406);
#2398 = ( BOUNDED_CURVE() B_SPLINE_CURVE(2,(#2399,#2400,#2401,#2402,
#2403,#2404,#2405),.UNSPECIFIED.,.T.,.F.) B_SPLINE_CURVE_WITH_KNOTS((1,2
    ,2,2,2,1),(-2.094395102393,0.,2.094395102393,4.188790204786,
6.28318530718,8.377580409573),.UNSPECIFIED.) CURVE() 
GEOMETRIC_REPRESENTATION_ITEM() RATIONAL_B_SPLINE_CURVE((1.,0.5,1.,0.5,
1.,0.5,1.)) REPRESENTATION_ITEM('') );
#2399 = CARTESIAN_POINT('',(42.5,-47.5));
#2400 = CARTESIAN_POINT('',(42.5,-55.29422863406));
#2401 = CARTESIAN_POINT('',(35.75,-51.39711431703));
#2402 = CARTESIAN_POINT('',(29.,-47.5));
#2403 = CARTESIAN_POINT('',(35.75,-43.60288568297));
#2404 = CARTESIAN_POINT('',(42.5,-39.70577136594));
#2405 = CARTESIAN_POINT('',(42.5,-47.5));
#2406 = ( GEOMETRIC_REPRESENTATION_CONTEXT(2) 
PARAMETRIC_REPRESENTATION_CONTEXT() REPRESENTATION_CONTEXT('2D SPACE',''
  ) );
#2407 = PCURVE('',#2408,#2413);
#2408 = CYLINDRICAL_SURFACE('',#2409,4.5);
#2409 = AXIS2_PLACEMENT_3D('',#2410,#2411,#2412);
#2410 = CARTESIAN_POINT('',(47.5,38.,3.55));
#2411 = DIRECTION('',(1.443289932013E-15,1.110223024625E-16,-1.));
#2412 = DIRECTION('',(-4.440892098501E-16,1.,-1.221245327088E-15));
#2413 = DEFINITIONAL_REPRESENTATION('',(#2414),#2418);
#2414 = LINE('',#2415,#2416);
#2415 = CARTESIAN_POINT('',(-6.28318530718,3.55));
#2416 = VECTOR('',#2417,1.);
#2417 = DIRECTION('',(1.,-0.));
#2418 = ( GEOMETRIC_REPRESENTATION_CONTEXT(2) 
PARAMETRIC_REPRESENTATION_CONTEXT() REPRESENTATION_CONTEXT('2D SPACE',''
  ) );
#2419 = FACE_BOUND('',#2420,.F.);
#2420 = EDGE_LOOP('',(#2421));
#2421 = ORIENTED_EDGE('',*,*,#2422,.T.);
#2422 = EDGE_CURVE('',#2423,#2423,#2425,.T.);
#2423 = VERTEX_POINT('',#2424);
#2424 = CARTESIAN_POINT('',(47.5,102.5,-1.153521722586E-13));
#2425 = SURFACE_CURVE('',#2426,(#2431,#2442),.PCURVE_S1.);
#2426 = CIRCLE('',#2427,4.5);
#2427 = AXIS2_PLACEMENT_3D('',#2428,#2429,#2430);
#2428 = CARTESIAN_POINT('',(47.5,98.,-1.418309913959E-13));
#2429 = DIRECTION('',(1.110223024625E-16,-1.221245327088E-15,-1.));
#2430 = DIRECTION('',(-4.440892098501E-16,1.,-1.221245327088E-15));
#2431 = PCURVE('',#722,#2432);
#2432 = DEFINITIONAL_REPRESENTATION('',(#2433),#2441);
#2433 = ( BOUNDED_CURVE() B_SPLINE_CURVE(2,(#2434,#2435,#2436,#2437,
#2438,#2439,#2440),.UNSPECIFIED.,.T.,.F.) B_SPLINE_CURVE_WITH_KNOTS((1,2
    ,2,2,2,1),(-2.094395102393,0.,2.094395102393,4.188790204786,
6.28318530718,8.377580409573),.UNSPECIFIED.) CURVE() 
GEOMETRIC_REPRESENTATION_ITEM() RATIONAL_B_SPLINE_CURVE((1.,0.5,1.,0.5,
1.,0.5,1.)) REPRESENTATION_ITEM('') );
#2434 = CARTESIAN_POINT('',(102.5,-47.5));
#2435 = CARTESIAN_POINT('',(102.5,-55.29422863406));
#2436 = CARTESIAN_POINT('',(95.75,-51.39711431703));
#2437 = CARTESIAN_POINT('',(89.,-47.5));
#2438 = CARTESIAN_POINT('',(95.75,-43.60288568297));
#2439 = CARTESIAN_POINT('',(102.5,-39.70577136594));
#2440 = CARTESIAN_POINT('',(102.5,-47.5));
#2441 = ( GEOMETRIC_REPRESENTATION_CONTEXT(2) 
PARAMETRIC_REPRESENTATION_CONTEXT() REPRESENTATION_CONTEXT('2D SPACE',''
  ) );
#2442 = PCURVE('',#2443,#2448);
#2443 = CYLINDRICAL_SURFACE('',#2444,4.5);
#2444 = AXIS2_PLACEMENT_3D('',#2445,#2446,#2447);
#2445 = CARTESIAN_POINT('',(47.5,98.,3.55));
#2446 = DIRECTION('',(1.443289932013E-15,1.110223024625E-16,-1.));
#2447 = DIRECTION('',(-4.440892098501E-16,1.,-1.221245327088E-15));
#2448 = DEFINITIONAL_REPRESENTATION('',(#2449),#2453);
#2449 = LINE('',#2450,#2451);
#2450 = CARTESIAN_POINT('',(-6.28318530718,3.55));
#2451 = VECTOR('',#2452,1.);
#2452 = DIRECTION('',(1.,-0.));
#2453 = ( GEOMETRIC_REPRESENTATION_CONTEXT(2) 
PARAMETRIC_REPRESENTATION_CONTEXT() REPRESENTATION_CONTEXT('2D SPACE',''
  ) );
#2454 = FACE_BOUND('',#2455,.F.);
#2455 = EDGE_LOOP('',(#2456));
#2456 = ORIENTED_EDGE('',*,*,#2457,.T.);
#2457 = EDGE_CURVE('',#2458,#2458,#2460,.T.);
#2458 = VERTEX_POINT('',#2459);
#2459 = CARTESIAN_POINT('',(12.5,42.5,-5.107025913276E-14));
#2460 = SURFACE_CURVE('',#2461,(#2466,#2477),.PCURVE_S1.);
#2461 = CIRCLE('',#2462,4.5);
#2462 = AXIS2_PLACEMENT_3D('',#2463,#2464,#2465);
#2463 = CARTESIAN_POINT('',(12.5,38.,-5.667688540711E-14));
#2464 = DIRECTION('',(1.110223024625E-16,-1.221245327088E-15,-1.));
#2465 = DIRECTION('',(-4.440892098501E-16,1.,-1.221245327088E-15));
#2466 = PCURVE('',#722,#2467);
#2467 = DEFINITIONAL_REPRESENTATION('',(#2468),#2476);
#2468 = ( BOUNDED_CURVE() B_SPLINE_CURVE(2,(#2469,#2470,#2471,#2472,
#2473,#2474,#2475),.UNSPECIFIED.,.T.,.F.) B_SPLINE_CURVE_WITH_KNOTS((1,2
    ,2,2,2,1),(-2.094395102393,0.,2.094395102393,4.188790204786,
6.28318530718,8.377580409573),.UNSPECIFIED.) CURVE() 
GEOMETRIC_REPRESENTATION_ITEM() RATIONAL_B_SPLINE_CURVE((1.,0.5,1.,0.5,
1.,0.5,1.)) REPRESENTATION_ITEM('') );
#2469 = CARTESIAN_POINT('',(42.5,-12.5));
#2470 = CARTESIAN_POINT('',(42.5,-20.29422863406));
#2471 = CARTESIAN_POINT('',(35.75,-16.39711431703));
#2472 = CARTESIAN_POINT('',(29.,-12.5));
#2473 = CARTESIAN_POINT('',(35.75,-8.60288568297));
#2474 = CARTESIAN_POINT('',(42.5,-4.70577136594));
#2475 = CARTESIAN_POINT('',(42.5,-12.5));
#2476 = ( GEOMETRIC_REPRESENTATION_CONTEXT(2) 
PARAMETRIC_REPRESENTATION_CONTEXT() REPRESENTATION_CONTEXT('2D SPACE',''
  ) );
#2477 = PCURVE('',#2478,#2483);
#2478 = CYLINDRICAL_SURFACE('',#2479,4.5);
#2479 = AXIS2_PLACEMENT_3D('',#2480,#2481,#2482);
#2480 = CARTESIAN_POINT('',(12.5,38.,3.55));
#2481 = DIRECTION('',(1.443289932013E-15,1.110223024625E-16,-1.));
#2482 = DIRECTION('',(-4.440892098501E-16,1.,-1.221245327088E-15));
#2483 = DEFINITIONAL_REPRESENTATION('',(#2484),#2488);
#2484 = LINE('',#2485,#2486);
#2485 = CARTESIAN_POINT('',(-6.28318530718,3.55));
#2486 = VECTOR('',#2487,1.);
#2487 = DIRECTION('',(1.,-0.));
#2488 = ( GEOMETRIC_REPRESENTATION_CONTEXT(2) 
PARAMETRIC_REPRESENTATION_CONTEXT() REPRESENTATION_CONTEXT('2D SPACE',''
  ) );
#2489 = FACE_BOUND('',#2490,.F.);
#2490 = EDGE_LOOP('',(#2491));
#2491 = ORIENTED_EDGE('',*,*,#2492,.T.);
#2492 = EDGE_CURVE('',#2493,#2493,#2495,.T.);
#2493 = VERTEX_POINT('',#2494);
#2494 = CARTESIAN_POINT('',(12.5,102.5,-1.310063169058E-13));
#2495 = SURFACE_CURVE('',#2496,(#2501,#2512),.PCURVE_S1.);
#2496 = CIRCLE('',#2497,4.5);
#2497 = AXIS2_PLACEMENT_3D('',#2498,#2499,#2500);
#2498 = CARTESIAN_POINT('',(12.5,98.,-1.499356194756E-13));
#2499 = DIRECTION('',(1.110223024625E-16,-1.221245327088E-15,-1.));
#2500 = DIRECTION('',(-4.440892098501E-16,1.,-1.221245327088E-15));
#2501 = PCURVE('',#722,#2502);
#2502 = DEFINITIONAL_REPRESENTATION('',(#2503),#2511);
#2503 = ( BOUNDED_CURVE() B_SPLINE_CURVE(2,(#2504,#2505,#2506,#2507,
#2508,#2509,#2510),.UNSPECIFIED.,.T.,.F.) B_SPLINE_CURVE_WITH_KNOTS((1,2
    ,2,2,2,1),(-2.094395102393,0.,2.094395102393,4.188790204786,
6.28318530718,8.377580409573),.UNSPECIFIED.) CURVE() 
GEOMETRIC_REPRESENTATION_ITEM() RATIONAL_B_SPLINE_CURVE((1.,0.5,1.,0.5,
1.,0.5,1.)) REPRESENTATION_ITEM('') );
#2504 = CARTESIAN_POINT('',(102.5,-12.5));
#2505 = CARTESIAN_POINT('',(102.5,-20.29422863406));
#2506 = CARTESIAN_POINT('',(95.75,-16.39711431703));
#2507 = CARTESIAN_POINT('',(89.,-12.5));
#2508 = CARTESIAN_POINT('',(95.75,-8.60288568297));
#2509 = CARTESIAN_POINT('',(102.5,-4.70577136594));
#2510 = CARTESIAN_POINT('',(102.5,-12.5));
#2511 = ( GEOMETRIC_REPRESENTATION_CONTEXT(2) 
PARAMETRIC_REPRESENTATION_CONTEXT() REPRESENTATION_CONTEXT('2D SPACE',''
  ) );
#2512 = PCURVE('',#2513,#2518);
#2513 = CYLINDRICAL_SURFACE('',#2514,4.5);
#2514 = AXIS2_PLACEMENT_3D('',#2515,#2516,#2517);
#2515 = CARTESIAN_POINT('',(12.5,98.,3.55));
#2516 = DIRECTION('',(1.443289932013E-15,1.110223024625E-16,-1.));
#2517 = DIRECTION('',(-4.440892098501E-16,1.,-1.221245327088E-15));
#2518 = DEFINITIONAL_REPRESENTATION('',(#2519),#2523);
#2519 = LINE('',#2520,#2521);
#2520 = CARTESIAN_POINT('',(-6.28318530718,3.55));
#2521 = VECTOR('',#2522,1.);
#2522 = DIRECTION('',(1.,-0.));
#2523 = ( GEOMETRIC_REPRESENTATION_CONTEXT(2) 
PARAMETRIC_REPRESENTATION_CONTEXT() REPRESENTATION_CONTEXT('2D SPACE',''
  ) );
#2524 = ADVANCED_FACE('',(#2525),#756,.T.);
#2525 = FACE_BOUND('',#2526,.F.);
#2526 = EDGE_LOOP('',(#2527,#2528,#2529,#2550));
#2527 = ORIENTED_EDGE('',*,*,#854,.F.);
#2528 = ORIENTED_EDGE('',*,*,#1015,.T.);
#2529 = ORIENTED_EDGE('',*,*,#2530,.T.);
#2530 = EDGE_CURVE('',#983,#741,#2531,.T.);
#2531 = SURFACE_CURVE('',#2532,(#2536,#2543),.PCURVE_S1.);
#2532 = LINE('',#2533,#2534);
#2533 = CARTESIAN_POINT('',(52.,7.75,79.75));
#2534 = VECTOR('',#2535,1.);
#2535 = DIRECTION('',(-9.420554752103E-16,-0.707106781187,0.707106781187
    ));
#2536 = PCURVE('',#756,#2537);
#2537 = DEFINITIONAL_REPRESENTATION('',(#2538),#2542);
#2538 = LINE('',#2539,#2540);
#2539 = CARTESIAN_POINT('',(-44.,6.280369834735E-16));
#2540 = VECTOR('',#2541,1.);
#2541 = DIRECTION('',(-0.,1.));
#2542 = ( GEOMETRIC_REPRESENTATION_CONTEXT(2) 
PARAMETRIC_REPRESENTATION_CONTEXT() REPRESENTATION_CONTEXT('2D SPACE',''
  ) );
#2543 = PCURVE('',#1003,#2544);
#2544 = DEFINITIONAL_REPRESENTATION('',(#2545),#2549);
#2545 = LINE('',#2546,#2547);
#2546 = CARTESIAN_POINT('',(-0.,-0.25));
#2547 = VECTOR('',#2548,1.);
#2548 = DIRECTION('',(-0.,1.));
#2549 = ( GEOMETRIC_REPRESENTATION_CONTEXT(2) 
PARAMETRIC_REPRESENTATION_CONTEXT() REPRESENTATION_CONTEXT('2D SPACE',''
  ) );
#2550 = ORIENTED_EDGE('',*,*,#740,.F.);
#2551 = ADVANCED_FACE('',(#2552),#810,.T.);
#2552 = FACE_BOUND('',#2553,.T.);
#2553 = EDGE_LOOP('',(#2554,#2555,#2556,#2577));
#2554 = ORIENTED_EDGE('',*,*,#904,.F.);
#2555 = ORIENTED_EDGE('',*,*,#1460,.T.);
#2556 = ORIENTED_EDGE('',*,*,#2557,.T.);
#2557 = EDGE_CURVE('',#1461,#769,#2558,.T.);
#2558 = SURFACE_CURVE('',#2559,(#2563,#2570),.PCURVE_S1.);
#2559 = LINE('',#2560,#2561);
#2560 = CARTESIAN_POINT('',(52.,0.25,79.75));
#2561 = VECTOR('',#2562,1.);
#2562 = DIRECTION('',(3.140184917368E-16,0.707106781187,0.707106781187)
  );
#2563 = PCURVE('',#810,#2564);
#2564 = DEFINITIONAL_REPRESENTATION('',(#2565),#2569);
#2565 = LINE('',#2566,#2567);
#2566 = CARTESIAN_POINT('',(44.,-4.317754261381E-16));
#2567 = VECTOR('',#2568,1.);
#2568 = DIRECTION('',(-9.860761315263E-32,1.));
#2569 = ( GEOMETRIC_REPRESENTATION_CONTEXT(2) 
PARAMETRIC_REPRESENTATION_CONTEXT() REPRESENTATION_CONTEXT('2D SPACE',''
  ) );
#2570 = PCURVE('',#1500,#2571);
#2571 = DEFINITIONAL_REPRESENTATION('',(#2572),#2576);
#2572 = LINE('',#2573,#2574);
#2573 = CARTESIAN_POINT('',(0.,-0.25));
#2574 = VECTOR('',#2575,1.);
#2575 = DIRECTION('',(0.,1.));
#2576 = ( GEOMETRIC_REPRESENTATION_CONTEXT(2) 
PARAMETRIC_REPRESENTATION_CONTEXT() REPRESENTATION_CONTEXT('2D SPACE',''
  ) );
#2577 = ORIENTED_EDGE('',*,*,#796,.F.);
#2578 = ADVANCED_FACE('',(#2579),#784,.T.);
#2579 = FACE_BOUND('',#2580,.F.);
#2580 = EDGE_LOOP('',(#2581,#2582,#2606,#2634));
#2581 = ORIENTED_EDGE('',*,*,#768,.F.);
#2582 = ORIENTED_EDGE('',*,*,#2583,.T.);
#2583 = EDGE_CURVE('',#741,#2584,#2586,.T.);
#2584 = VERTEX_POINT('',#2585);
#2585 = CARTESIAN_POINT('',(60.,7.5,72.));
#2586 = SURFACE_CURVE('',#2587,(#2592,#2599),.PCURVE_S1.);
#2587 = CIRCLE('',#2588,8.);
#2588 = AXIS2_PLACEMENT_3D('',#2589,#2590,#2591);
#2589 = CARTESIAN_POINT('',(52.,7.5,72.));
#2590 = DIRECTION('',(8.881784197001E-16,1.,-4.440892098501E-16));
#2591 = DIRECTION('',(3.441691376338E-15,4.440892098501E-16,1.));
#2592 = PCURVE('',#784,#2593);
#2593 = DEFINITIONAL_REPRESENTATION('',(#2594),#2598);
#2594 = LINE('',#2595,#2596);
#2595 = CARTESIAN_POINT('',(-0.,0.5));
#2596 = VECTOR('',#2597,1.);
#2597 = DIRECTION('',(-1.,0.));
#2598 = ( GEOMETRIC_REPRESENTATION_CONTEXT(2) 
PARAMETRIC_REPRESENTATION_CONTEXT() REPRESENTATION_CONTEXT('2D SPACE',''
  ) );
#2599 = PCURVE('',#1003,#2600);
#2600 = DEFINITIONAL_REPRESENTATION('',(#2601),#2605);
#2601 = LINE('',#2602,#2603);
#2602 = CARTESIAN_POINT('',(-0.,0.));
#2603 = VECTOR('',#2604,1.);
#2604 = DIRECTION('',(-1.,0.));
#2605 = ( GEOMETRIC_REPRESENTATION_CONTEXT(2) 
PARAMETRIC_REPRESENTATION_CONTEXT() REPRESENTATION_CONTEXT('2D SPACE',''
  ) );
#2606 = ORIENTED_EDGE('',*,*,#2607,.T.);
#2607 = EDGE_CURVE('',#2584,#2608,#2610,.T.);
#2608 = VERTEX_POINT('',#2609);
#2609 = CARTESIAN_POINT('',(60.,0.5,72.));
#2610 = SURFACE_CURVE('',#2611,(#2615,#2622),.PCURVE_S1.);
#2611 = LINE('',#2612,#2613);
#2612 = CARTESIAN_POINT('',(60.,8.,72.));
#2613 = VECTOR('',#2614,1.);
#2614 = DIRECTION('',(6.661338147751E-16,-1.,1.998401444325E-15));
#2615 = PCURVE('',#784,#2616);
#2616 = DEFINITIONAL_REPRESENTATION('',(#2617),#2621);
#2617 = LINE('',#2618,#2619);
#2618 = CARTESIAN_POINT('',(-1.570796326795,0.));
#2619 = VECTOR('',#2620,1.);
#2620 = DIRECTION('',(-0.,1.));
#2621 = ( GEOMETRIC_REPRESENTATION_CONTEXT(2) 
PARAMETRIC_REPRESENTATION_CONTEXT() REPRESENTATION_CONTEXT('2D SPACE',''
  ) );
#2622 = PCURVE('',#2623,#2628);
#2623 = PLANE('',#2624);
#2624 = AXIS2_PLACEMENT_3D('',#2625,#2626,#2627);
#2625 = CARTESIAN_POINT('',(60.,39.84,19.84));
#2626 = DIRECTION('',(1.,-1.7763568394E-15,-4.440892098501E-16));
#2627 = DIRECTION('',(-2.22044604925E-15,-4.440892098501E-16,1.));
#2628 = DEFINITIONAL_REPRESENTATION('',(#2629),#2633);
#2629 = LINE('',#2630,#2631);
#2630 = CARTESIAN_POINT('',(52.16,31.84));
#2631 = VECTOR('',#2632,1.);
#2632 = DIRECTION('',(1.7763568394E-15,1.));
#2633 = ( GEOMETRIC_REPRESENTATION_CONTEXT(2) 
PARAMETRIC_REPRESENTATION_CONTEXT() REPRESENTATION_CONTEXT('2D SPACE',''
  ) );
#2634 = ORIENTED_EDGE('',*,*,#2635,.F.);
#2635 = EDGE_CURVE('',#769,#2608,#2636,.T.);
#2636 = SURFACE_CURVE('',#2637,(#2642,#2649),.PCURVE_S1.);
#2637 = CIRCLE('',#2638,8.);
#2638 = AXIS2_PLACEMENT_3D('',#2639,#2640,#2641);
#2639 = CARTESIAN_POINT('',(52.,0.5,72.));
#2640 = DIRECTION('',(8.881784197001E-16,1.,-4.440892098501E-16));
#2641 = DIRECTION('',(-9.992007221626E-16,4.440892098501E-16,1.));
#2642 = PCURVE('',#784,#2643);
#2643 = DEFINITIONAL_REPRESENTATION('',(#2644),#2648);
#2644 = LINE('',#2645,#2646);
#2645 = CARTESIAN_POINT('',(-0.,7.5));
#2646 = VECTOR('',#2647,1.);
#2647 = DIRECTION('',(-1.,0.));
#2648 = ( GEOMETRIC_REPRESENTATION_CONTEXT(2) 
PARAMETRIC_REPRESENTATION_CONTEXT() REPRESENTATION_CONTEXT('2D SPACE',''
  ) );
#2649 = PCURVE('',#1500,#2650);
#2650 = DEFINITIONAL_REPRESENTATION('',(#2651),#2655);
#2651 = LINE('',#2652,#2653);
#2652 = CARTESIAN_POINT('',(0.,0.));
#2653 = VECTOR('',#2654,1.);
#2654 = DIRECTION('',(1.,0.));
#2655 = ( GEOMETRIC_REPRESENTATION_CONTEXT(2) 
PARAMETRIC_REPRESENTATION_CONTEXT() REPRESENTATION_CONTEXT('2D SPACE',''
  ) );
#2656 = ADVANCED_FACE('',(#2657),#970,.F.);
#2657 = FACE_BOUND('',#2658,.F.);
#2658 = EDGE_LOOP('',(#2659,#2680,#2681,#2704));
#2659 = ORIENTED_EDGE('',*,*,#2660,.F.);
#2660 = EDGE_CURVE('',#955,#2584,#2661,.T.);
#2661 = SURFACE_CURVE('',#2662,(#2666,#2673),.PCURVE_S1.);
#2662 = LINE('',#2663,#2664);
#2663 = CARTESIAN_POINT('',(60.,7.5,72.));
#2664 = VECTOR('',#2665,1.);
#2665 = DIRECTION('',(0.707106781187,-0.707106781187,-1.919317770543E-15
    ));
#2666 = PCURVE('',#970,#2667);
#2667 = DEFINITIONAL_REPRESENTATION('',(#2668),#2672);
#2668 = LINE('',#2669,#2670);
#2669 = CARTESIAN_POINT('',(7.149836278586E-14,0.353553390593));
#2670 = VECTOR('',#2671,1.);
#2671 = DIRECTION('',(3.17539173749E-15,1.));
#2672 = ( GEOMETRIC_REPRESENTATION_CONTEXT(2) 
PARAMETRIC_REPRESENTATION_CONTEXT() REPRESENTATION_CONTEXT('2D SPACE',''
  ) );
#2673 = PCURVE('',#1003,#2674);
#2674 = DEFINITIONAL_REPRESENTATION('',(#2675),#2679);
#2675 = LINE('',#2676,#2677);
#2676 = CARTESIAN_POINT('',(-1.570796326795,0.));
#2677 = VECTOR('',#2678,1.);
#2678 = DIRECTION('',(-0.,1.));
#2679 = ( GEOMETRIC_REPRESENTATION_CONTEXT(2) 
PARAMETRIC_REPRESENTATION_CONTEXT() REPRESENTATION_CONTEXT('2D SPACE',''
  ) );
#2680 = ORIENTED_EDGE('',*,*,#954,.T.);
#2681 = ORIENTED_EDGE('',*,*,#2682,.T.);
#2682 = EDGE_CURVE('',#932,#2683,#2685,.T.);
#2683 = VERTEX_POINT('',#2684);
#2684 = CARTESIAN_POINT('',(60.,7.5,7.5));
#2685 = SURFACE_CURVE('',#2686,(#2690,#2697),.PCURVE_S1.);
#2686 = LINE('',#2687,#2688);
#2687 = CARTESIAN_POINT('',(31.666666666667,35.833333333333,
    35.833333333333));
#2688 = VECTOR('',#2689,1.);
#2689 = DIRECTION('',(0.57735026919,-0.57735026919,-0.57735026919));
#2690 = PCURVE('',#970,#2691);
#2691 = DEFINITIONAL_REPRESENTATION('',(#2692),#2696);
#2692 = LINE('',#2693,#2694);
#2693 = CARTESIAN_POINT('',(36.166666666667,-39.71583087664));
#2694 = VECTOR('',#2695,1.);
#2695 = DIRECTION('',(0.57735026919,0.816496580928));
#2696 = ( GEOMETRIC_REPRESENTATION_CONTEXT(2) 
PARAMETRIC_REPRESENTATION_CONTEXT() REPRESENTATION_CONTEXT('2D SPACE',''
  ) );
#2697 = PCURVE('',#1708,#2698);
#2698 = DEFINITIONAL_REPRESENTATION('',(#2699),#2703);
#2699 = LINE('',#2700,#2701);
#2700 = CARTESIAN_POINT('',(-76.16666666666,-39.71583087664));
#2701 = VECTOR('',#2702,1.);
#2702 = DIRECTION('',(-0.57735026919,0.816496580928));
#2703 = ( GEOMETRIC_REPRESENTATION_CONTEXT(2) 
PARAMETRIC_REPRESENTATION_CONTEXT() REPRESENTATION_CONTEXT('2D SPACE',''
  ) );
#2704 = ORIENTED_EDGE('',*,*,#2705,.F.);
#2705 = EDGE_CURVE('',#2584,#2683,#2706,.T.);
#2706 = SURFACE_CURVE('',#2707,(#2711,#2718),.PCURVE_S1.);
#2707 = LINE('',#2708,#2709);
#2708 = CARTESIAN_POINT('',(60.,7.5,72.));
#2709 = VECTOR('',#2710,1.);
#2710 = DIRECTION('',(1.33226762955E-15,-4.440892098501E-16,-1.));
#2711 = PCURVE('',#970,#2712);
#2712 = DEFINITIONAL_REPRESENTATION('',(#2713),#2717);
#2713 = LINE('',#2714,#2715);
#2714 = CARTESIAN_POINT('',(4.440892098501E-16,0.353553390593));
#2715 = VECTOR('',#2716,1.);
#2716 = DIRECTION('',(1.,-1.972152263053E-31));
#2717 = ( GEOMETRIC_REPRESENTATION_CONTEXT(2) 
PARAMETRIC_REPRESENTATION_CONTEXT() REPRESENTATION_CONTEXT('2D SPACE',''
  ) );
#2718 = PCURVE('',#2623,#2719);
#2719 = DEFINITIONAL_REPRESENTATION('',(#2720),#2724);
#2720 = LINE('',#2721,#2722);
#2721 = CARTESIAN_POINT('',(52.16,32.34));
#2722 = VECTOR('',#2723,1.);
#2723 = DIRECTION('',(-1.,-1.7763568394E-15));
#2724 = ( GEOMETRIC_REPRESENTATION_CONTEXT(2) 
PARAMETRIC_REPRESENTATION_CONTEXT() REPRESENTATION_CONTEXT('2D SPACE',''
  ) );
#2725 = ADVANCED_FACE('',(#2726),#1350,.F.);
#2726 = FACE_BOUND('',#2727,.T.);
#2727 = EDGE_LOOP('',(#2728,#2729,#2750));
#2728 = ORIENTED_EDGE('',*,*,#1721,.F.);
#2729 = ORIENTED_EDGE('',*,*,#2730,.F.);
#2730 = EDGE_CURVE('',#1309,#1722,#2731,.T.);
#2731 = SURFACE_CURVE('',#2732,(#2736,#2743),.PCURVE_S1.);
#2732 = LINE('',#2733,#2734);
#2733 = CARTESIAN_POINT('',(50.,7.646446609407,15.646446609407));
#2734 = VECTOR('',#2735,1.);
#2735 = DIRECTION('',(5.495323605393E-16,0.707106781187,-0.707106781187)
  );
#2736 = PCURVE('',#1350,#2737);
#2737 = DEFINITIONAL_REPRESENTATION('',(#2738),#2742);
#2738 = LINE('',#2739,#2740);
#2739 = CARTESIAN_POINT('',(-4.818019484661,3.18198051534));
#2740 = VECTOR('',#2741,1.);
#2741 = DIRECTION('',(0.707106781187,-0.707106781187));
#2742 = ( GEOMETRIC_REPRESENTATION_CONTEXT(2) 
PARAMETRIC_REPRESENTATION_CONTEXT() REPRESENTATION_CONTEXT('2D SPACE',''
  ) );
#2743 = PCURVE('',#1324,#2744);
#2744 = DEFINITIONAL_REPRESENTATION('',(#2745),#2749);
#2745 = LINE('',#2746,#2747);
#2746 = CARTESIAN_POINT('',(-2.081668171172E-16,-0.353553390593));
#2747 = VECTOR('',#2748,1.);
#2748 = DIRECTION('',(1.,-1.665334536938E-16));
#2749 = ( GEOMETRIC_REPRESENTATION_CONTEXT(2) 
PARAMETRIC_REPRESENTATION_CONTEXT() REPRESENTATION_CONTEXT('2D SPACE',''
  ) );
#2750 = ORIENTED_EDGE('',*,*,#1336,.F.);
#2751 = ADVANCED_FACE('',(#2752),#1003,.T.);
#2752 = FACE_BOUND('',#2753,.F.);
#2753 = EDGE_LOOP('',(#2754,#2755,#2756,#2757));
#2754 = ORIENTED_EDGE('',*,*,#2530,.F.);
#2755 = ORIENTED_EDGE('',*,*,#982,.T.);
#2756 = ORIENTED_EDGE('',*,*,#2660,.T.);
#2757 = ORIENTED_EDGE('',*,*,#2583,.F.);
#2758 = ADVANCED_FACE('',(#2759),#1324,.T.);
#2759 = FACE_BOUND('',#2760,.T.);
#2760 = EDGE_LOOP('',(#2761,#2762,#2763,#2764));
#2761 = ORIENTED_EDGE('',*,*,#1308,.F.);
#2762 = ORIENTED_EDGE('',*,*,#2730,.T.);
#2763 = ORIENTED_EDGE('',*,*,#1744,.T.);
#2764 = ORIENTED_EDGE('',*,*,#2765,.F.);
#2765 = EDGE_CURVE('',#1281,#1745,#2766,.T.);
#2766 = SURFACE_CURVE('',#2767,(#2771,#2778),.PCURVE_S1.);
#2767 = LINE('',#2768,#2769);
#2768 = CARTESIAN_POINT('',(49.5,8.,16.));
#2769 = VECTOR('',#2770,1.);
#2770 = DIRECTION('',(5.495323605393E-16,0.707106781187,-0.707106781187)
  );
#2771 = PCURVE('',#1324,#2772);
#2772 = DEFINITIONAL_REPRESENTATION('',(#2773),#2777);
#2773 = LINE('',#2774,#2775);
#2774 = CARTESIAN_POINT('',(-1.679212324746E-15,0.353553390593));
#2775 = VECTOR('',#2776,1.);
#2776 = DIRECTION('',(1.,-1.665334536938E-16));
#2777 = ( GEOMETRIC_REPRESENTATION_CONTEXT(2) 
PARAMETRIC_REPRESENTATION_CONTEXT() REPRESENTATION_CONTEXT('2D SPACE',''
  ) );
#2778 = PCURVE('',#1296,#2779);
#2779 = DEFINITIONAL_REPRESENTATION('',(#2780),#2784);
#2780 = LINE('',#2781,#2782);
#2781 = CARTESIAN_POINT('',(6.052706428226E-14,-4.5));
#2782 = VECTOR('',#2783,1.);
#2783 = DIRECTION('',(-1.,-4.930380657631E-31));
#2784 = ( GEOMETRIC_REPRESENTATION_CONTEXT(2) 
PARAMETRIC_REPRESENTATION_CONTEXT() REPRESENTATION_CONTEXT('2D SPACE',''
  ) );
#2785 = ADVANCED_FACE('',(#2786),#1296,.F.);
#2786 = FACE_BOUND('',#2787,.T.);
#2787 = EDGE_LOOP('',(#2788,#2789,#2790,#2791));
#2788 = ORIENTED_EDGE('',*,*,#1280,.T.);
#2789 = ORIENTED_EDGE('',*,*,#2765,.T.);
#2790 = ORIENTED_EDGE('',*,*,#1767,.F.);
#2791 = ORIENTED_EDGE('',*,*,#2792,.F.);
#2792 = EDGE_CURVE('',#1253,#1768,#2793,.T.);
#2793 = SURFACE_CURVE('',#2794,(#2798,#2805),.PCURVE_S1.);
#2794 = LINE('',#2795,#2796);
#2795 = CARTESIAN_POINT('',(45.5,8.,16.));
#2796 = VECTOR('',#2797,1.);
#2797 = DIRECTION('',(5.495323605393E-16,0.707106781187,-0.707106781187)
  );
#2798 = PCURVE('',#1296,#2799);
#2799 = DEFINITIONAL_REPRESENTATION('',(#2800),#2804);
#2800 = LINE('',#2801,#2802);
#2801 = CARTESIAN_POINT('',(4.54541766789E-14,-0.5));
#2802 = VECTOR('',#2803,1.);
#2803 = DIRECTION('',(-1.,-4.930380657631E-31));
#2804 = ( GEOMETRIC_REPRESENTATION_CONTEXT(2) 
PARAMETRIC_REPRESENTATION_CONTEXT() REPRESENTATION_CONTEXT('2D SPACE',''
  ) );
#2805 = PCURVE('',#1268,#2806);
#2806 = DEFINITIONAL_REPRESENTATION('',(#2807),#2811);
#2807 = LINE('',#2808,#2809);
#2808 = CARTESIAN_POINT('',(-1.762479051592E-15,-0.353553390593));
#2809 = VECTOR('',#2810,1.);
#2810 = DIRECTION('',(-1.,5.551115123126E-17));
#2811 = ( GEOMETRIC_REPRESENTATION_CONTEXT(2) 
PARAMETRIC_REPRESENTATION_CONTEXT() REPRESENTATION_CONTEXT('2D SPACE',''
  ) );
#2812 = ADVANCED_FACE('',(#2813),#1268,.F.);
#2813 = FACE_BOUND('',#2814,.T.);
#2814 = EDGE_LOOP('',(#2815,#2816,#2817,#2818));
#2815 = ORIENTED_EDGE('',*,*,#1252,.F.);
#2816 = ORIENTED_EDGE('',*,*,#2792,.T.);
#2817 = ORIENTED_EDGE('',*,*,#1790,.T.);
#2818 = ORIENTED_EDGE('',*,*,#2819,.F.);
#2819 = EDGE_CURVE('',#1225,#1791,#2820,.T.);
#2820 = SURFACE_CURVE('',#2821,(#2825,#2832),.PCURVE_S1.);
#2821 = LINE('',#2822,#2823);
#2822 = CARTESIAN_POINT('',(45.,7.646446609407,15.646446609407));
#2823 = VECTOR('',#2824,1.);
#2824 = DIRECTION('',(5.495323605393E-16,0.707106781187,-0.707106781187)
  );
#2825 = PCURVE('',#1268,#2826);
#2826 = DEFINITIONAL_REPRESENTATION('',(#2827),#2831);
#2827 = LINE('',#2828,#2829);
#2828 = CARTESIAN_POINT('',(4.996003610813E-16,0.353553390593));
#2829 = VECTOR('',#2830,1.);
#2830 = DIRECTION('',(-1.,5.551115123126E-17));
#2831 = ( GEOMETRIC_REPRESENTATION_CONTEXT(2) 
PARAMETRIC_REPRESENTATION_CONTEXT() REPRESENTATION_CONTEXT('2D SPACE',''
  ) );
#2832 = PCURVE('',#1240,#2833);
#2833 = DEFINITIONAL_REPRESENTATION('',(#2834),#2838);
#2834 = LINE('',#2835,#2836);
#2835 = CARTESIAN_POINT('',(-4.818019484661,3.181980515339));
#2836 = VECTOR('',#2837,1.);
#2837 = DIRECTION('',(0.707106781187,-0.707106781187));
#2838 = ( GEOMETRIC_REPRESENTATION_CONTEXT(2) 
PARAMETRIC_REPRESENTATION_CONTEXT() REPRESENTATION_CONTEXT('2D SPACE',''
  ) );
#2839 = ADVANCED_FACE('',(#2840),#1240,.T.);
#2840 = FACE_BOUND('',#2841,.F.);
#2841 = EDGE_LOOP('',(#2842,#2843,#2844));
#2842 = ORIENTED_EDGE('',*,*,#1813,.F.);
#2843 = ORIENTED_EDGE('',*,*,#2819,.F.);
#2844 = ORIENTED_EDGE('',*,*,#1224,.F.);
#2845 = ADVANCED_FACE('',(#2846),#1077,.F.);
#2846 = FACE_BOUND('',#2847,.F.);
#2847 = EDGE_LOOP('',(#2848,#2849,#2870));
#2848 = ORIENTED_EDGE('',*,*,#1927,.F.);
#2849 = ORIENTED_EDGE('',*,*,#2850,.F.);
#2850 = EDGE_CURVE('',#1062,#1905,#2851,.T.);
#2851 = SURFACE_CURVE('',#2852,(#2856,#2863),.PCURVE_S1.);
#2852 = LINE('',#2853,#2854);
#2853 = CARTESIAN_POINT('',(10.,7.646446609407,15.646446609407));
#2854 = VECTOR('',#2855,1.);
#2855 = DIRECTION('',(2.355138688026E-16,0.707106781187,-0.707106781187)
  );
#2856 = PCURVE('',#1077,#2857);
#2857 = DEFINITIONAL_REPRESENTATION('',(#2858),#2862);
#2858 = LINE('',#2859,#2860);
#2859 = CARTESIAN_POINT('',(4.818019484661,3.181980515339));
#2860 = VECTOR('',#2861,1.);
#2861 = DIRECTION('',(-0.707106781187,-0.707106781187));
#2862 = ( GEOMETRIC_REPRESENTATION_CONTEXT(2) 
PARAMETRIC_REPRESENTATION_CONTEXT() REPRESENTATION_CONTEXT('2D SPACE',''
  ) );
#2863 = PCURVE('',#1105,#2864);
#2864 = DEFINITIONAL_REPRESENTATION('',(#2865),#2869);
#2865 = LINE('',#2866,#2867);
#2866 = CARTESIAN_POINT('',(-3.885780586188E-16,0.353553390593));
#2867 = VECTOR('',#2868,1.);
#2868 = DIRECTION('',(1.,0.));
#2869 = ( GEOMETRIC_REPRESENTATION_CONTEXT(2) 
PARAMETRIC_REPRESENTATION_CONTEXT() REPRESENTATION_CONTEXT('2D SPACE',''
  ) );
#2870 = ORIENTED_EDGE('',*,*,#1061,.F.);
#2871 = ADVANCED_FACE('',(#2872),#1189,.T.);
#2872 = FACE_BOUND('',#2873,.T.);
#2873 = EDGE_LOOP('',(#2874,#2875,#2896));
#2874 = ORIENTED_EDGE('',*,*,#1835,.F.);
#2875 = ORIENTED_EDGE('',*,*,#2876,.F.);
#2876 = EDGE_CURVE('',#1146,#1836,#2877,.T.);
#2877 = SURFACE_CURVE('',#2878,(#2882,#2889),.PCURVE_S1.);
#2878 = LINE('',#2879,#2880);
#2879 = CARTESIAN_POINT('',(15.,7.646446609407,15.646446609407));
#2880 = VECTOR('',#2881,1.);
#2881 = DIRECTION('',(2.355138688026E-16,0.707106781187,-0.707106781187)
  );
#2882 = PCURVE('',#1189,#2883);
#2883 = DEFINITIONAL_REPRESENTATION('',(#2884),#2888);
#2884 = LINE('',#2885,#2886);
#2885 = CARTESIAN_POINT('',(4.818019484661,3.181980515339));
#2886 = VECTOR('',#2887,1.);
#2887 = DIRECTION('',(-0.707106781187,-0.707106781187));
#2888 = ( GEOMETRIC_REPRESENTATION_CONTEXT(2) 
PARAMETRIC_REPRESENTATION_CONTEXT() REPRESENTATION_CONTEXT('2D SPACE',''
  ) );
#2889 = PCURVE('',#1161,#2890);
#2890 = DEFINITIONAL_REPRESENTATION('',(#2891),#2895);
#2891 = LINE('',#2892,#2893);
#2892 = CARTESIAN_POINT('',(2.914335439641E-16,-0.353553390593));
#2893 = VECTOR('',#2894,1.);
#2894 = DIRECTION('',(-1.,-1.110223024625E-16));
#2895 = ( GEOMETRIC_REPRESENTATION_CONTEXT(2) 
PARAMETRIC_REPRESENTATION_CONTEXT() REPRESENTATION_CONTEXT('2D SPACE',''
  ) );
#2896 = ORIENTED_EDGE('',*,*,#1173,.F.);
#2897 = ADVANCED_FACE('',(#2898),#1105,.T.);
#2898 = FACE_BOUND('',#2899,.T.);
#2899 = EDGE_LOOP('',(#2900,#2901,#2922,#2923));
#2900 = ORIENTED_EDGE('',*,*,#1089,.F.);
#2901 = ORIENTED_EDGE('',*,*,#2902,.T.);
#2902 = EDGE_CURVE('',#1090,#1882,#2903,.T.);
#2903 = SURFACE_CURVE('',#2904,(#2908,#2915),.PCURVE_S1.);
#2904 = LINE('',#2905,#2906);
#2905 = CARTESIAN_POINT('',(10.5,8.,16.));
#2906 = VECTOR('',#2907,1.);
#2907 = DIRECTION('',(2.355138688026E-16,0.707106781187,-0.707106781187)
  );
#2908 = PCURVE('',#1105,#2909);
#2909 = DEFINITIONAL_REPRESENTATION('',(#2910),#2914);
#2910 = LINE('',#2911,#2912);
#2911 = CARTESIAN_POINT('',(1.01307850997E-15,-0.353553390593));
#2912 = VECTOR('',#2913,1.);
#2913 = DIRECTION('',(1.,0.));
#2914 = ( GEOMETRIC_REPRESENTATION_CONTEXT(2) 
PARAMETRIC_REPRESENTATION_CONTEXT() REPRESENTATION_CONTEXT('2D SPACE',''
  ) );
#2915 = PCURVE('',#1133,#2916);
#2916 = DEFINITIONAL_REPRESENTATION('',(#2917),#2921);
#2917 = LINE('',#2918,#2919);
#2918 = CARTESIAN_POINT('',(-1.059812409612E-15,-4.5));
#2919 = VECTOR('',#2920,1.);
#2920 = DIRECTION('',(1.,1.232595164408E-32));
#2921 = ( GEOMETRIC_REPRESENTATION_CONTEXT(2) 
PARAMETRIC_REPRESENTATION_CONTEXT() REPRESENTATION_CONTEXT('2D SPACE',''
  ) );
#2922 = ORIENTED_EDGE('',*,*,#1904,.T.);
#2923 = ORIENTED_EDGE('',*,*,#2850,.F.);
#2924 = ADVANCED_FACE('',(#2925),#1161,.F.);
#2925 = FACE_BOUND('',#2926,.T.);
#2926 = EDGE_LOOP('',(#2927,#2928,#2929,#2930));
#2927 = ORIENTED_EDGE('',*,*,#1145,.F.);
#2928 = ORIENTED_EDGE('',*,*,#2876,.T.);
#2929 = ORIENTED_EDGE('',*,*,#1858,.T.);
#2930 = ORIENTED_EDGE('',*,*,#2931,.F.);
#2931 = EDGE_CURVE('',#1118,#1859,#2932,.T.);
#2932 = SURFACE_CURVE('',#2933,(#2937,#2944),.PCURVE_S1.);
#2933 = LINE('',#2934,#2935);
#2934 = CARTESIAN_POINT('',(14.5,8.,16.));
#2935 = VECTOR('',#2936,1.);
#2936 = DIRECTION('',(2.355138688026E-16,0.707106781187,-0.707106781187)
  );
#2937 = PCURVE('',#1161,#2938);
#2938 = DEFINITIONAL_REPRESENTATION('',(#2939),#2943);
#2939 = LINE('',#2940,#2941);
#2940 = CARTESIAN_POINT('',(-9.298117831236E-16,0.353553390593));
#2941 = VECTOR('',#2942,1.);
#2942 = DIRECTION('',(-1.,-1.110223024625E-16));
#2943 = ( GEOMETRIC_REPRESENTATION_CONTEXT(2) 
PARAMETRIC_REPRESENTATION_CONTEXT() REPRESENTATION_CONTEXT('2D SPACE',''
  ) );
#2944 = PCURVE('',#1133,#2945);
#2945 = DEFINITIONAL_REPRESENTATION('',(#2946),#2950);
#2946 = LINE('',#2947,#2948);
#2947 = CARTESIAN_POINT('',(-1.177569344013E-16,-0.5));
#2948 = VECTOR('',#2949,1.);
#2949 = DIRECTION('',(1.,1.232595164408E-32));
#2950 = ( GEOMETRIC_REPRESENTATION_CONTEXT(2) 
PARAMETRIC_REPRESENTATION_CONTEXT() REPRESENTATION_CONTEXT('2D SPACE',''
  ) );
#2951 = ADVANCED_FACE('',(#2952),#1133,.F.);
#2952 = FACE_BOUND('',#2953,.F.);
#2953 = EDGE_LOOP('',(#2954,#2955,#2956,#2957));
#2954 = ORIENTED_EDGE('',*,*,#1117,.T.);
#2955 = ORIENTED_EDGE('',*,*,#2902,.T.);
#2956 = ORIENTED_EDGE('',*,*,#1881,.F.);
#2957 = ORIENTED_EDGE('',*,*,#2931,.F.);
#2958 = ADVANCED_FACE('',(#2959),#1385,.F.);
#2959 = FACE_BOUND('',#2960,.T.);
#2960 = EDGE_LOOP('',(#2961,#2984,#2985,#2986));
#2961 = ORIENTED_EDGE('',*,*,#2962,.F.);
#2962 = EDGE_CURVE('',#1365,#2963,#2965,.T.);
#2963 = VERTEX_POINT('',#2964);
#2964 = CARTESIAN_POINT('',(25.5,3.55,62.));
#2965 = SEAM_CURVE('',#2966,(#2970,#2977),.PCURVE_S1.);
#2966 = LINE('',#2967,#2968);
#2967 = CARTESIAN_POINT('',(21.05,8.,62.));
#2968 = VECTOR('',#2969,1.);
#2969 = DIRECTION('',(0.707106781187,-0.707106781187,6.280369834735E-16)
  );
#2970 = PCURVE('',#1385,#2971);
#2971 = DEFINITIONAL_REPRESENTATION('',(#2972),#2976);
#2972 = LINE('',#2973,#2974);
#2973 = CARTESIAN_POINT('',(0.,-0.));
#2974 = VECTOR('',#2975,1.);
#2975 = DIRECTION('',(0.,-1.));
#2976 = ( GEOMETRIC_REPRESENTATION_CONTEXT(2) 
PARAMETRIC_REPRESENTATION_CONTEXT() REPRESENTATION_CONTEXT('2D SPACE',''
  ) );
#2977 = PCURVE('',#1385,#2978);
#2978 = DEFINITIONAL_REPRESENTATION('',(#2979),#2983);
#2979 = LINE('',#2980,#2981);
#2980 = CARTESIAN_POINT('',(6.28318530718,-0.));
#2981 = VECTOR('',#2982,1.);
#2982 = DIRECTION('',(0.,-1.));
#2983 = ( GEOMETRIC_REPRESENTATION_CONTEXT(2) 
PARAMETRIC_REPRESENTATION_CONTEXT() REPRESENTATION_CONTEXT('2D SPACE',''
  ) );
#2984 = ORIENTED_EDGE('',*,*,#1364,.T.);
#2985 = ORIENTED_EDGE('',*,*,#2962,.T.);
#2986 = ORIENTED_EDGE('',*,*,#2987,.F.);
#2987 = EDGE_CURVE('',#2963,#2963,#2988,.T.);
#2988 = SURFACE_CURVE('',#2989,(#2994,#3001),.PCURVE_S1.);
#2989 = CIRCLE('',#2990,4.5);
#2990 = AXIS2_PLACEMENT_3D('',#2991,#2992,#2993);
#2991 = CARTESIAN_POINT('',(30.,3.55,62.));
#2992 = DIRECTION('',(4.440892098501E-16,1.,-2.22044604925E-16));
#2993 = DIRECTION('',(-1.,4.440892098501E-16,-2.095411779493E-31));
#2994 = PCURVE('',#1385,#2995);
#2995 = DEFINITIONAL_REPRESENTATION('',(#2996),#3000);
#2996 = LINE('',#2997,#2998);
#2997 = CARTESIAN_POINT('',(0.,-4.45));
#2998 = VECTOR('',#2999,1.);
#2999 = DIRECTION('',(1.,-0.));
#3000 = ( GEOMETRIC_REPRESENTATION_CONTEXT(2) 
PARAMETRIC_REPRESENTATION_CONTEXT() REPRESENTATION_CONTEXT('2D SPACE',''
  ) );
#3001 = PCURVE('',#1561,#3002);
#3002 = DEFINITIONAL_REPRESENTATION('',(#3003),#3007);
#3003 = LINE('',#3004,#3005);
#3004 = CARTESIAN_POINT('',(-0.,0.));
#3005 = VECTOR('',#3006,1.);
#3006 = DIRECTION('',(-1.,0.));
#3007 = ( GEOMETRIC_REPRESENTATION_CONTEXT(2) 
PARAMETRIC_REPRESENTATION_CONTEXT() REPRESENTATION_CONTEXT('2D SPACE',''
  ) );
#3008 = ADVANCED_FACE('',(#3009),#1420,.F.);
#3009 = FACE_BOUND('',#3010,.T.);
#3010 = EDGE_LOOP('',(#3011,#3034,#3035,#3036));
#3011 = ORIENTED_EDGE('',*,*,#3012,.F.);
#3012 = EDGE_CURVE('',#1400,#3013,#3015,.T.);
#3013 = VERTEX_POINT('',#3014);
#3014 = CARTESIAN_POINT('',(25.5,3.55,26.));
#3015 = SEAM_CURVE('',#3016,(#3020,#3027),.PCURVE_S1.);
#3016 = LINE('',#3017,#3018);
#3017 = CARTESIAN_POINT('',(21.05,8.,26.));
#3018 = VECTOR('',#3019,1.);
#3019 = DIRECTION('',(0.707106781187,-0.707106781187,6.280369834735E-16)
  );
#3020 = PCURVE('',#1420,#3021);
#3021 = DEFINITIONAL_REPRESENTATION('',(#3022),#3026);
#3022 = LINE('',#3023,#3024);
#3023 = CARTESIAN_POINT('',(0.,-0.));
#3024 = VECTOR('',#3025,1.);
#3025 = DIRECTION('',(0.,-1.));
#3026 = ( GEOMETRIC_REPRESENTATION_CONTEXT(2) 
PARAMETRIC_REPRESENTATION_CONTEXT() REPRESENTATION_CONTEXT('2D SPACE',''
  ) );
#3027 = PCURVE('',#1420,#3028);
#3028 = DEFINITIONAL_REPRESENTATION('',(#3029),#3033);
#3029 = LINE('',#3030,#3031);
#3030 = CARTESIAN_POINT('',(6.28318530718,-0.));
#3031 = VECTOR('',#3032,1.);
#3032 = DIRECTION('',(0.,-1.));
#3033 = ( GEOMETRIC_REPRESENTATION_CONTEXT(2) 
PARAMETRIC_REPRESENTATION_CONTEXT() REPRESENTATION_CONTEXT('2D SPACE',''
  ) );
#3034 = ORIENTED_EDGE('',*,*,#1399,.T.);
#3035 = ORIENTED_EDGE('',*,*,#3012,.T.);
#3036 = ORIENTED_EDGE('',*,*,#3037,.F.);
#3037 = EDGE_CURVE('',#3013,#3013,#3038,.T.);
#3038 = SURFACE_CURVE('',#3039,(#3044,#3051),.PCURVE_S1.);
#3039 = CIRCLE('',#3040,4.5);
#3040 = AXIS2_PLACEMENT_3D('',#3041,#3042,#3043);
#3041 = CARTESIAN_POINT('',(30.,3.55,26.));
#3042 = DIRECTION('',(4.440892098501E-16,1.,-2.22044604925E-16));
#3043 = DIRECTION('',(-1.,4.440892098501E-16,-2.095411779493E-31));
#3044 = PCURVE('',#1420,#3045);
#3045 = DEFINITIONAL_REPRESENTATION('',(#3046),#3050);
#3046 = LINE('',#3047,#3048);
#3047 = CARTESIAN_POINT('',(0.,-4.45));
#3048 = VECTOR('',#3049,1.);
#3049 = DIRECTION('',(1.,-0.));
#3050 = ( GEOMETRIC_REPRESENTATION_CONTEXT(2) 
PARAMETRIC_REPRESENTATION_CONTEXT() REPRESENTATION_CONTEXT('2D SPACE',''
  ) );
#3051 = PCURVE('',#1596,#3052);
#3052 = DEFINITIONAL_REPRESENTATION('',(#3053),#3057);
#3053 = LINE('',#3054,#3055);
#3054 = CARTESIAN_POINT('',(-0.,0.));
#3055 = VECTOR('',#3056,1.);
#3056 = DIRECTION('',(-1.,0.));
#3057 = ( GEOMETRIC_REPRESENTATION_CONTEXT(2) 
PARAMETRIC_REPRESENTATION_CONTEXT() REPRESENTATION_CONTEXT('2D SPACE',''
  ) );
#3058 = ADVANCED_FACE('',(#3059),#1526,.F.);
#3059 = FACE_BOUND('',#3060,.T.);
#3060 = EDGE_LOOP('',(#3061,#3082,#3083,#3106));
#3061 = ORIENTED_EDGE('',*,*,#3062,.F.);
#3062 = EDGE_CURVE('',#1484,#2608,#3063,.T.);
#3063 = SURFACE_CURVE('',#3064,(#3068,#3075),.PCURVE_S1.);
#3064 = LINE('',#3065,#3066);
#3065 = CARTESIAN_POINT('',(60.,0.5,72.));
#3066 = VECTOR('',#3067,1.);
#3067 = DIRECTION('',(0.707106781187,0.707106781187,5.928301633511E-16)
  );
#3068 = PCURVE('',#1526,#3069);
#3069 = DEFINITIONAL_REPRESENTATION('',(#3070),#3074);
#3070 = LINE('',#3071,#3072);
#3071 = CARTESIAN_POINT('',(-2.864375403533E-14,0.353553390593));
#3072 = VECTOR('',#3073,1.);
#3073 = DIRECTION('',(-3.520682012242E-17,1.));
#3074 = ( GEOMETRIC_REPRESENTATION_CONTEXT(2) 
PARAMETRIC_REPRESENTATION_CONTEXT() REPRESENTATION_CONTEXT('2D SPACE',''
  ) );
#3075 = PCURVE('',#1500,#3076);
#3076 = DEFINITIONAL_REPRESENTATION('',(#3077),#3081);
#3077 = LINE('',#3078,#3079);
#3078 = CARTESIAN_POINT('',(1.570796326795,0.));
#3079 = VECTOR('',#3080,1.);
#3080 = DIRECTION('',(0.,1.));
#3081 = ( GEOMETRIC_REPRESENTATION_CONTEXT(2) 
PARAMETRIC_REPRESENTATION_CONTEXT() REPRESENTATION_CONTEXT('2D SPACE',''
  ) );
#3082 = ORIENTED_EDGE('',*,*,#1512,.T.);
#3083 = ORIENTED_EDGE('',*,*,#3084,.T.);
#3084 = EDGE_CURVE('',#1436,#3085,#3087,.T.);
#3085 = VERTEX_POINT('',#3086);
#3086 = CARTESIAN_POINT('',(60.,0.5,8.));
#3087 = SURFACE_CURVE('',#3088,(#3092,#3099),.PCURVE_S1.);
#3088 = LINE('',#3089,#3090);
#3089 = CARTESIAN_POINT('',(59.75,0.25,8.));
#3090 = VECTOR('',#3091,1.);
#3091 = DIRECTION('',(0.707106781187,0.707106781187,6.280369834735E-16)
  );
#3092 = PCURVE('',#1526,#3093);
#3093 = DEFINITIONAL_REPRESENTATION('',(#3094),#3098);
#3094 = LINE('',#3095,#3096);
#3095 = CARTESIAN_POINT('',(-64.,3.65046496644E-15));
#3096 = VECTOR('',#3097,1.);
#3097 = DIRECTION('',(-0.,1.));
#3098 = ( GEOMETRIC_REPRESENTATION_CONTEXT(2) 
PARAMETRIC_REPRESENTATION_CONTEXT() REPRESENTATION_CONTEXT('2D SPACE',''
  ) );
#3099 = PCURVE('',#2158,#3100);
#3100 = DEFINITIONAL_REPRESENTATION('',(#3101),#3105);
#3101 = LINE('',#3102,#3103);
#3102 = CARTESIAN_POINT('',(4.996003610813E-15,-0.25));
#3103 = VECTOR('',#3104,1.);
#3104 = DIRECTION('',(-0.,-1.));
#3105 = ( GEOMETRIC_REPRESENTATION_CONTEXT(2) 
PARAMETRIC_REPRESENTATION_CONTEXT() REPRESENTATION_CONTEXT('2D SPACE',''
  ) );
#3106 = ORIENTED_EDGE('',*,*,#3107,.F.);
#3107 = EDGE_CURVE('',#2608,#3085,#3108,.T.);
#3108 = SURFACE_CURVE('',#3109,(#3113,#3120),.PCURVE_S1.);
#3109 = LINE('',#3110,#3111);
#3110 = CARTESIAN_POINT('',(60.,0.5,72.));
#3111 = VECTOR('',#3112,1.);
#3112 = DIRECTION('',(1.33226762955E-15,-4.440892098501E-16,-1.));
#3113 = PCURVE('',#1526,#3114);
#3114 = DEFINITIONAL_REPRESENTATION('',(#3115),#3119);
#3115 = LINE('',#3116,#3117);
#3116 = CARTESIAN_POINT('',(-2.22044604925E-16,0.353553390593));
#3117 = VECTOR('',#3118,1.);
#3118 = DIRECTION('',(-1.,0.));
#3119 = ( GEOMETRIC_REPRESENTATION_CONTEXT(2) 
PARAMETRIC_REPRESENTATION_CONTEXT() REPRESENTATION_CONTEXT('2D SPACE',''
  ) );
#3120 = PCURVE('',#2623,#3121);
#3121 = DEFINITIONAL_REPRESENTATION('',(#3122),#3126);
#3122 = LINE('',#3123,#3124);
#3123 = CARTESIAN_POINT('',(52.16,39.34));
#3124 = VECTOR('',#3125,1.);
#3125 = DIRECTION('',(-1.,-1.7763568394E-15));
#3126 = ( GEOMETRIC_REPRESENTATION_CONTEXT(2) 
PARAMETRIC_REPRESENTATION_CONTEXT() REPRESENTATION_CONTEXT('2D SPACE',''
  ) );
#3127 = ADVANCED_FACE('',(#3128),#1500,.T.);
#3128 = FACE_BOUND('',#3129,.T.);
#3129 = EDGE_LOOP('',(#3130,#3131,#3132,#3133));
#3130 = ORIENTED_EDGE('',*,*,#2557,.F.);
#3131 = ORIENTED_EDGE('',*,*,#1483,.T.);
#3132 = ORIENTED_EDGE('',*,*,#3062,.T.);
#3133 = ORIENTED_EDGE('',*,*,#2635,.F.);
#3134 = ADVANCED_FACE('',(#3135),#1561,.F.);
#3135 = FACE_BOUND('',#3136,.T.);
#3136 = EDGE_LOOP('',(#3137,#3158,#3159,#3160));
#3137 = ORIENTED_EDGE('',*,*,#3138,.F.);
#3138 = EDGE_CURVE('',#2963,#1541,#3139,.T.);
#3139 = SEAM_CURVE('',#3140,(#3144,#3151),.PCURVE_S1.);
#3140 = LINE('',#3141,#3142);
#3141 = CARTESIAN_POINT('',(25.5,3.55,62.));
#3142 = VECTOR('',#3143,1.);
#3143 = DIRECTION('',(2.848569635632E-16,-1.,8.881784197001E-16));
#3144 = PCURVE('',#1561,#3145);
#3145 = DEFINITIONAL_REPRESENTATION('',(#3146),#3150);
#3146 = LINE('',#3147,#3148);
#3147 = CARTESIAN_POINT('',(-0.,0.));
#3148 = VECTOR('',#3149,1.);
#3149 = DIRECTION('',(-0.,1.));
#3150 = ( GEOMETRIC_REPRESENTATION_CONTEXT(2) 
PARAMETRIC_REPRESENTATION_CONTEXT() REPRESENTATION_CONTEXT('2D SPACE',''
  ) );
#3151 = PCURVE('',#1561,#3152);
#3152 = DEFINITIONAL_REPRESENTATION('',(#3153),#3157);
#3153 = LINE('',#3154,#3155);
#3154 = CARTESIAN_POINT('',(-6.28318530718,0.));
#3155 = VECTOR('',#3156,1.);
#3156 = DIRECTION('',(-0.,1.));
#3157 = ( GEOMETRIC_REPRESENTATION_CONTEXT(2) 
PARAMETRIC_REPRESENTATION_CONTEXT() REPRESENTATION_CONTEXT('2D SPACE',''
  ) );
#3158 = ORIENTED_EDGE('',*,*,#2987,.T.);
#3159 = ORIENTED_EDGE('',*,*,#3138,.T.);
#3160 = ORIENTED_EDGE('',*,*,#1540,.T.);
#3161 = ADVANCED_FACE('',(#3162),#1596,.F.);
#3162 = FACE_BOUND('',#3163,.T.);
#3163 = EDGE_LOOP('',(#3164,#3185,#3186,#3187));
#3164 = ORIENTED_EDGE('',*,*,#3165,.F.);
#3165 = EDGE_CURVE('',#3013,#1576,#3166,.T.);
#3166 = SEAM_CURVE('',#3167,(#3171,#3178),.PCURVE_S1.);
#3167 = LINE('',#3168,#3169);
#3168 = CARTESIAN_POINT('',(25.5,3.55,26.));
#3169 = VECTOR('',#3170,1.);
#3170 = DIRECTION('',(2.848569635632E-16,-1.,8.881784197001E-16));
#3171 = PCURVE('',#1596,#3172);
#3172 = DEFINITIONAL_REPRESENTATION('',(#3173),#3177);
#3173 = LINE('',#3174,#3175);
#3174 = CARTESIAN_POINT('',(-0.,0.));
#3175 = VECTOR('',#3176,1.);
#3176 = DIRECTION('',(-0.,1.));
#3177 = ( GEOMETRIC_REPRESENTATION_CONTEXT(2) 
PARAMETRIC_REPRESENTATION_CONTEXT() REPRESENTATION_CONTEXT('2D SPACE',''
  ) );
#3178 = PCURVE('',#1596,#3179);
#3179 = DEFINITIONAL_REPRESENTATION('',(#3180),#3184);
#3180 = LINE('',#3181,#3182);
#3181 = CARTESIAN_POINT('',(-6.28318530718,0.));
#3182 = VECTOR('',#3183,1.);
#3183 = DIRECTION('',(-0.,1.));
#3184 = ( GEOMETRIC_REPRESENTATION_CONTEXT(2) 
PARAMETRIC_REPRESENTATION_CONTEXT() REPRESENTATION_CONTEXT('2D SPACE',''
  ) );
#3185 = ORIENTED_EDGE('',*,*,#3037,.T.);
#3186 = ORIENTED_EDGE('',*,*,#3165,.T.);
#3187 = ORIENTED_EDGE('',*,*,#1575,.T.);
#3188 = ADVANCED_FACE('',(#3189),#1653,.T.);
#3189 = FACE_BOUND('',#3190,.T.);
#3190 = EDGE_LOOP('',(#3191,#3192,#3193,#3214));
#3191 = ORIENTED_EDGE('',*,*,#2093,.F.);
#3192 = ORIENTED_EDGE('',*,*,#1637,.T.);
#3193 = ORIENTED_EDGE('',*,*,#3194,.T.);
#3194 = EDGE_CURVE('',#1638,#2203,#3195,.T.);
#3195 = SURFACE_CURVE('',#3196,(#3200,#3207),.PCURVE_S1.);
#3196 = LINE('',#3197,#3198);
#3197 = CARTESIAN_POINT('',(52.,119.75,7.75));
#3198 = VECTOR('',#3199,1.);
#3199 = DIRECTION('',(9.420554752103E-16,0.707106781187,-0.707106781187)
  );
#3200 = PCURVE('',#1653,#3201);
#3201 = DEFINITIONAL_REPRESENTATION('',(#3202),#3206);
#3202 = LINE('',#3203,#3204);
#3203 = CARTESIAN_POINT('',(44.,5.652332851262E-15));
#3204 = VECTOR('',#3205,1.);
#3205 = DIRECTION('',(0.,1.));
#3206 = ( GEOMETRIC_REPRESENTATION_CONTEXT(2) 
PARAMETRIC_REPRESENTATION_CONTEXT() REPRESENTATION_CONTEXT('2D SPACE',''
  ) );
#3207 = PCURVE('',#1682,#3208);
#3208 = DEFINITIONAL_REPRESENTATION('',(#3209),#3213);
#3209 = LINE('',#3210,#3211);
#3210 = CARTESIAN_POINT('',(0.,-0.25));
#3211 = VECTOR('',#3212,1.);
#3212 = DIRECTION('',(0.,1.));
#3213 = ( GEOMETRIC_REPRESENTATION_CONTEXT(2) 
PARAMETRIC_REPRESENTATION_CONTEXT() REPRESENTATION_CONTEXT('2D SPACE',''
  ) );
#3214 = ORIENTED_EDGE('',*,*,#2230,.F.);
#3215 = ADVANCED_FACE('',(#3216),#1682,.T.);
#3216 = FACE_BOUND('',#3217,.T.);
#3217 = EDGE_LOOP('',(#3218,#3219,#3220,#3243));
#3218 = ORIENTED_EDGE('',*,*,#3194,.F.);
#3219 = ORIENTED_EDGE('',*,*,#1665,.T.);
#3220 = ORIENTED_EDGE('',*,*,#3221,.T.);
#3221 = EDGE_CURVE('',#1666,#3222,#3224,.T.);
#3222 = VERTEX_POINT('',#3223);
#3223 = CARTESIAN_POINT('',(60.,112.,7.5));
#3224 = SURFACE_CURVE('',#3225,(#3229,#3236),.PCURVE_S1.);
#3225 = LINE('',#3226,#3227);
#3226 = CARTESIAN_POINT('',(60.,112.,7.5));
#3227 = VECTOR('',#3228,1.);
#3228 = DIRECTION('',(0.707106781187,-1.137114430566E-16,-0.707106781187
    ));
#3229 = PCURVE('',#1682,#3230);
#3230 = DEFINITIONAL_REPRESENTATION('',(#3231),#3235);
#3231 = LINE('',#3232,#3233);
#3232 = CARTESIAN_POINT('',(1.570796326795,0.));
#3233 = VECTOR('',#3234,1.);
#3234 = DIRECTION('',(0.,1.));
#3235 = ( GEOMETRIC_REPRESENTATION_CONTEXT(2) 
PARAMETRIC_REPRESENTATION_CONTEXT() REPRESENTATION_CONTEXT('2D SPACE',''
  ) );
#3236 = PCURVE('',#1708,#3237);
#3237 = DEFINITIONAL_REPRESENTATION('',(#3238),#3242);
#3238 = LINE('',#3239,#3240);
#3239 = CARTESIAN_POINT('',(1.454392162259E-14,0.353553390593));
#3240 = VECTOR('',#3241,1.);
#3241 = DIRECTION('',(8.283440321537E-16,1.));
#3242 = ( GEOMETRIC_REPRESENTATION_CONTEXT(2) 
PARAMETRIC_REPRESENTATION_CONTEXT() REPRESENTATION_CONTEXT('2D SPACE',''
  ) );
#3243 = ORIENTED_EDGE('',*,*,#3244,.F.);
#3244 = EDGE_CURVE('',#2203,#3222,#3245,.T.);
#3245 = SURFACE_CURVE('',#3246,(#3251,#3258),.PCURVE_S1.);
#3246 = CIRCLE('',#3247,8.);
#3247 = AXIS2_PLACEMENT_3D('',#3248,#3249,#3250);
#3248 = CARTESIAN_POINT('',(52.,112.,7.5));
#3249 = DIRECTION('',(4.440892098501E-16,-1.33226762955E-15,-1.));
#3250 = DIRECTION('',(-8.881784197001E-16,1.,-1.33226762955E-15));
#3251 = PCURVE('',#1682,#3252);
#3252 = DEFINITIONAL_REPRESENTATION('',(#3253),#3257);
#3253 = LINE('',#3254,#3255);
#3254 = CARTESIAN_POINT('',(0.,0.));
#3255 = VECTOR('',#3256,1.);
#3256 = DIRECTION('',(1.,0.));
#3257 = ( GEOMETRIC_REPRESENTATION_CONTEXT(2) 
PARAMETRIC_REPRESENTATION_CONTEXT() REPRESENTATION_CONTEXT('2D SPACE',''
  ) );
#3258 = PCURVE('',#2218,#3259);
#3259 = DEFINITIONAL_REPRESENTATION('',(#3260),#3264);
#3260 = LINE('',#3261,#3262);
#3261 = CARTESIAN_POINT('',(-0.,7.5));
#3262 = VECTOR('',#3263,1.);
#3263 = DIRECTION('',(-1.,0.));
#3264 = ( GEOMETRIC_REPRESENTATION_CONTEXT(2) 
PARAMETRIC_REPRESENTATION_CONTEXT() REPRESENTATION_CONTEXT('2D SPACE',''
  ) );
#3265 = ADVANCED_FACE('',(#3266),#1708,.F.);
#3266 = FACE_BOUND('',#3267,.T.);
#3267 = EDGE_LOOP('',(#3268,#3269,#3270,#3271));
#3268 = ORIENTED_EDGE('',*,*,#3221,.F.);
#3269 = ORIENTED_EDGE('',*,*,#1694,.T.);
#3270 = ORIENTED_EDGE('',*,*,#2682,.T.);
#3271 = ORIENTED_EDGE('',*,*,#3272,.F.);
#3272 = EDGE_CURVE('',#3222,#2683,#3273,.T.);
#3273 = SURFACE_CURVE('',#3274,(#3278,#3285),.PCURVE_S1.);
#3274 = LINE('',#3275,#3276);
#3275 = CARTESIAN_POINT('',(60.,112.,7.5));
#3276 = VECTOR('',#3277,1.);
#3277 = DIRECTION('',(-7.642090019329E-31,-1.,1.33226762955E-15));
#3278 = PCURVE('',#1708,#3279);
#3279 = DEFINITIONAL_REPRESENTATION('',(#3280),#3284);
#3280 = LINE('',#3281,#3282);
#3281 = CARTESIAN_POINT('',(3.330669073875E-16,0.353553390593));
#3282 = VECTOR('',#3283,1.);
#3283 = DIRECTION('',(-1.,0.));
#3284 = ( GEOMETRIC_REPRESENTATION_CONTEXT(2) 
PARAMETRIC_REPRESENTATION_CONTEXT() REPRESENTATION_CONTEXT('2D SPACE',''
  ) );
#3285 = PCURVE('',#2623,#3286);
#3286 = DEFINITIONAL_REPRESENTATION('',(#3287),#3291);
#3287 = LINE('',#3288,#3289);
#3288 = CARTESIAN_POINT('',(-12.34,-72.16));
#3289 = VECTOR('',#3290,1.);
#3290 = DIRECTION('',(1.7763568394E-15,1.));
#3291 = ( GEOMETRIC_REPRESENTATION_CONTEXT(2) 
PARAMETRIC_REPRESENTATION_CONTEXT() REPRESENTATION_CONTEXT('2D SPACE',''
  ) );
#3292 = ADVANCED_FACE('',(#3293),#1971,.F.);
#3293 = FACE_BOUND('',#3294,.T.);
#3294 = EDGE_LOOP('',(#3295,#3318,#3319,#3320));
#3295 = ORIENTED_EDGE('',*,*,#3296,.F.);
#3296 = EDGE_CURVE('',#1951,#3297,#3299,.T.);
#3297 = VERTEX_POINT('',#3298);
#3298 = CARTESIAN_POINT('',(47.5,102.5,3.55));
#3299 = SEAM_CURVE('',#3300,(#3304,#3311),.PCURVE_S1.);
#3300 = LINE('',#3301,#3302);
#3301 = CARTESIAN_POINT('',(47.5,106.95,8.));
#3302 = VECTOR('',#3303,1.);
#3303 = DIRECTION('',(1.334578589881E-15,-0.707106781187,-0.707106781187
    ));
#3304 = PCURVE('',#1971,#3305);
#3305 = DEFINITIONAL_REPRESENTATION('',(#3306),#3310);
#3306 = LINE('',#3307,#3308);
#3307 = CARTESIAN_POINT('',(0.,-0.));
#3308 = VECTOR('',#3309,1.);
#3309 = DIRECTION('',(0.,-1.));
#3310 = ( GEOMETRIC_REPRESENTATION_CONTEXT(2) 
PARAMETRIC_REPRESENTATION_CONTEXT() REPRESENTATION_CONTEXT('2D SPACE',''
  ) );
#3311 = PCURVE('',#1971,#3312);
#3312 = DEFINITIONAL_REPRESENTATION('',(#3313),#3317);
#3313 = LINE('',#3314,#3315);
#3314 = CARTESIAN_POINT('',(6.28318530718,-0.));
#3315 = VECTOR('',#3316,1.);
#3316 = DIRECTION('',(0.,-1.));
#3317 = ( GEOMETRIC_REPRESENTATION_CONTEXT(2) 
PARAMETRIC_REPRESENTATION_CONTEXT() REPRESENTATION_CONTEXT('2D SPACE',''
  ) );
#3318 = ORIENTED_EDGE('',*,*,#1950,.T.);
#3319 = ORIENTED_EDGE('',*,*,#3296,.T.);
#3320 = ORIENTED_EDGE('',*,*,#3321,.F.);
#3321 = EDGE_CURVE('',#3297,#3297,#3322,.T.);
#3322 = SURFACE_CURVE('',#3323,(#3328,#3335),.PCURVE_S1.);
#3323 = CIRCLE('',#3324,4.5);
#3324 = AXIS2_PLACEMENT_3D('',#3325,#3326,#3327);
#3325 = CARTESIAN_POINT('',(47.5,98.,3.55));
#3326 = DIRECTION('',(-1.110223024625E-16,1.221245327088E-15,1.));
#3327 = DIRECTION('',(-4.440892098501E-16,1.,-1.221245327088E-15));
#3328 = PCURVE('',#1971,#3329);
#3329 = DEFINITIONAL_REPRESENTATION('',(#3330),#3334);
#3330 = LINE('',#3331,#3332);
#3331 = CARTESIAN_POINT('',(0.,-4.45));
#3332 = VECTOR('',#3333,1.);
#3333 = DIRECTION('',(1.,-0.));
#3334 = ( GEOMETRIC_REPRESENTATION_CONTEXT(2) 
PARAMETRIC_REPRESENTATION_CONTEXT() REPRESENTATION_CONTEXT('2D SPACE',''
  ) );
#3335 = PCURVE('',#2443,#3336);
#3336 = DEFINITIONAL_REPRESENTATION('',(#3337),#3341);
#3337 = LINE('',#3338,#3339);
#3338 = CARTESIAN_POINT('',(-0.,0.));
#3339 = VECTOR('',#3340,1.);
#3340 = DIRECTION('',(-1.,0.));
#3341 = ( GEOMETRIC_REPRESENTATION_CONTEXT(2) 
PARAMETRIC_REPRESENTATION_CONTEXT() REPRESENTATION_CONTEXT('2D SPACE',''
  ) );
#3342 = ADVANCED_FACE('',(#3343),#2006,.F.);
#3343 = FACE_BOUND('',#3344,.T.);
#3344 = EDGE_LOOP('',(#3345,#3368,#3369,#3370));
#3345 = ORIENTED_EDGE('',*,*,#3346,.F.);
#3346 = EDGE_CURVE('',#1986,#3347,#3349,.T.);
#3347 = VERTEX_POINT('',#3348);
#3348 = CARTESIAN_POINT('',(47.5,42.5,3.55));
#3349 = SEAM_CURVE('',#3350,(#3354,#3361),.PCURVE_S1.);
#3350 = LINE('',#3351,#3352);
#3351 = CARTESIAN_POINT('',(47.5,46.95,8.));
#3352 = VECTOR('',#3353,1.);
#3353 = DIRECTION('',(1.334578589881E-15,-0.707106781187,-0.707106781187
    ));
#3354 = PCURVE('',#2006,#3355);
#3355 = DEFINITIONAL_REPRESENTATION('',(#3356),#3360);
#3356 = LINE('',#3357,#3358);
#3357 = CARTESIAN_POINT('',(0.,-0.));
#3358 = VECTOR('',#3359,1.);
#3359 = DIRECTION('',(0.,-1.));
#3360 = ( GEOMETRIC_REPRESENTATION_CONTEXT(2) 
PARAMETRIC_REPRESENTATION_CONTEXT() REPRESENTATION_CONTEXT('2D SPACE',''
  ) );
#3361 = PCURVE('',#2006,#3362);
#3362 = DEFINITIONAL_REPRESENTATION('',(#3363),#3367);
#3363 = LINE('',#3364,#3365);
#3364 = CARTESIAN_POINT('',(6.28318530718,-0.));
#3365 = VECTOR('',#3366,1.);
#3366 = DIRECTION('',(0.,-1.));
#3367 = ( GEOMETRIC_REPRESENTATION_CONTEXT(2) 
PARAMETRIC_REPRESENTATION_CONTEXT() REPRESENTATION_CONTEXT('2D SPACE',''
  ) );
#3368 = ORIENTED_EDGE('',*,*,#1985,.T.);
#3369 = ORIENTED_EDGE('',*,*,#3346,.T.);
#3370 = ORIENTED_EDGE('',*,*,#3371,.F.);
#3371 = EDGE_CURVE('',#3347,#3347,#3372,.T.);
#3372 = SURFACE_CURVE('',#3373,(#3378,#3385),.PCURVE_S1.);
#3373 = CIRCLE('',#3374,4.5);
#3374 = AXIS2_PLACEMENT_3D('',#3375,#3376,#3377);
#3375 = CARTESIAN_POINT('',(47.5,38.,3.55));
#3376 = DIRECTION('',(-1.110223024625E-16,1.221245327088E-15,1.));
#3377 = DIRECTION('',(-4.440892098501E-16,1.,-1.221245327088E-15));
#3378 = PCURVE('',#2006,#3379);
#3379 = DEFINITIONAL_REPRESENTATION('',(#3380),#3384);
#3380 = LINE('',#3381,#3382);
#3381 = CARTESIAN_POINT('',(0.,-4.45));
#3382 = VECTOR('',#3383,1.);
#3383 = DIRECTION('',(1.,-0.));
#3384 = ( GEOMETRIC_REPRESENTATION_CONTEXT(2) 
PARAMETRIC_REPRESENTATION_CONTEXT() REPRESENTATION_CONTEXT('2D SPACE',''
  ) );
#3385 = PCURVE('',#2408,#3386);
#3386 = DEFINITIONAL_REPRESENTATION('',(#3387),#3391);
#3387 = LINE('',#3388,#3389);
#3388 = CARTESIAN_POINT('',(-0.,0.));
#3389 = VECTOR('',#3390,1.);
#3390 = DIRECTION('',(-1.,0.));
#3391 = ( GEOMETRIC_REPRESENTATION_CONTEXT(2) 
PARAMETRIC_REPRESENTATION_CONTEXT() REPRESENTATION_CONTEXT('2D SPACE',''
  ) );
#3392 = ADVANCED_FACE('',(#3393),#2041,.F.);
#3393 = FACE_BOUND('',#3394,.T.);
#3394 = EDGE_LOOP('',(#3395,#3418,#3419,#3420));
#3395 = ORIENTED_EDGE('',*,*,#3396,.F.);
#3396 = EDGE_CURVE('',#2021,#3397,#3399,.T.);
#3397 = VERTEX_POINT('',#3398);
#3398 = CARTESIAN_POINT('',(12.5,102.5,3.55));
#3399 = SEAM_CURVE('',#3400,(#3404,#3411),.PCURVE_S1.);
#3400 = LINE('',#3401,#3402);
#3401 = CARTESIAN_POINT('',(12.5,106.95,8.));
#3402 = VECTOR('',#3403,1.);
#3403 = DIRECTION('',(1.334578589881E-15,-0.707106781187,-0.707106781187
    ));
#3404 = PCURVE('',#2041,#3405);
#3405 = DEFINITIONAL_REPRESENTATION('',(#3406),#3410);
#3406 = LINE('',#3407,#3408);
#3407 = CARTESIAN_POINT('',(0.,-0.));
#3408 = VECTOR('',#3409,1.);
#3409 = DIRECTION('',(0.,-1.));
#3410 = ( GEOMETRIC_REPRESENTATION_CONTEXT(2) 
PARAMETRIC_REPRESENTATION_CONTEXT() REPRESENTATION_CONTEXT('2D SPACE',''
  ) );
#3411 = PCURVE('',#2041,#3412);
#3412 = DEFINITIONAL_REPRESENTATION('',(#3413),#3417);
#3413 = LINE('',#3414,#3415);
#3414 = CARTESIAN_POINT('',(6.28318530718,-0.));
#3415 = VECTOR('',#3416,1.);
#3416 = DIRECTION('',(0.,-1.));
#3417 = ( GEOMETRIC_REPRESENTATION_CONTEXT(2) 
PARAMETRIC_REPRESENTATION_CONTEXT() REPRESENTATION_CONTEXT('2D SPACE',''
  ) );
#3418 = ORIENTED_EDGE('',*,*,#2020,.T.);
#3419 = ORIENTED_EDGE('',*,*,#3396,.T.);
#3420 = ORIENTED_EDGE('',*,*,#3421,.F.);
#3421 = EDGE_CURVE('',#3397,#3397,#3422,.T.);
#3422 = SURFACE_CURVE('',#3423,(#3428,#3435),.PCURVE_S1.);
#3423 = CIRCLE('',#3424,4.5);
#3424 = AXIS2_PLACEMENT_3D('',#3425,#3426,#3427);
#3425 = CARTESIAN_POINT('',(12.5,98.,3.55));
#3426 = DIRECTION('',(-1.110223024625E-16,1.221245327088E-15,1.));
#3427 = DIRECTION('',(-4.440892098501E-16,1.,-1.221245327088E-15));
#3428 = PCURVE('',#2041,#3429);
#3429 = DEFINITIONAL_REPRESENTATION('',(#3430),#3434);
#3430 = LINE('',#3431,#3432);
#3431 = CARTESIAN_POINT('',(0.,-4.45));
#3432 = VECTOR('',#3433,1.);
#3433 = DIRECTION('',(1.,-0.));
#3434 = ( GEOMETRIC_REPRESENTATION_CONTEXT(2) 
PARAMETRIC_REPRESENTATION_CONTEXT() REPRESENTATION_CONTEXT('2D SPACE',''
  ) );
#3435 = PCURVE('',#2513,#3436);
#3436 = DEFINITIONAL_REPRESENTATION('',(#3437),#3441);
#3437 = LINE('',#3438,#3439);
#3438 = CARTESIAN_POINT('',(-0.,0.));
#3439 = VECTOR('',#3440,1.);
#3440 = DIRECTION('',(-1.,0.));
#3441 = ( GEOMETRIC_REPRESENTATION_CONTEXT(2) 
PARAMETRIC_REPRESENTATION_CONTEXT() REPRESENTATION_CONTEXT('2D SPACE',''
  ) );
#3442 = ADVANCED_FACE('',(#3443),#2076,.F.);
#3443 = FACE_BOUND('',#3444,.T.);
#3444 = EDGE_LOOP('',(#3445,#3468,#3469,#3470));
#3445 = ORIENTED_EDGE('',*,*,#3446,.F.);
#3446 = EDGE_CURVE('',#2056,#3447,#3449,.T.);
#3447 = VERTEX_POINT('',#3448);
#3448 = CARTESIAN_POINT('',(12.5,42.5,3.55));
#3449 = SEAM_CURVE('',#3450,(#3454,#3461),.PCURVE_S1.);
#3450 = LINE('',#3451,#3452);
#3451 = CARTESIAN_POINT('',(12.5,46.95,8.));
#3452 = VECTOR('',#3453,1.);
#3453 = DIRECTION('',(1.334578589881E-15,-0.707106781187,-0.707106781187
    ));
#3454 = PCURVE('',#2076,#3455);
#3455 = DEFINITIONAL_REPRESENTATION('',(#3456),#3460);
#3456 = LINE('',#3457,#3458);
#3457 = CARTESIAN_POINT('',(0.,-0.));
#3458 = VECTOR('',#3459,1.);
#3459 = DIRECTION('',(0.,-1.));
#3460 = ( GEOMETRIC_REPRESENTATION_CONTEXT(2) 
PARAMETRIC_REPRESENTATION_CONTEXT() REPRESENTATION_CONTEXT('2D SPACE',''
  ) );
#3461 = PCURVE('',#2076,#3462);
#3462 = DEFINITIONAL_REPRESENTATION('',(#3463),#3467);
#3463 = LINE('',#3464,#3465);
#3464 = CARTESIAN_POINT('',(6.28318530718,-0.));
#3465 = VECTOR('',#3466,1.);
#3466 = DIRECTION('',(0.,-1.));
#3467 = ( GEOMETRIC_REPRESENTATION_CONTEXT(2) 
PARAMETRIC_REPRESENTATION_CONTEXT() REPRESENTATION_CONTEXT('2D SPACE',''
  ) );
#3468 = ORIENTED_EDGE('',*,*,#2055,.T.);
#3469 = ORIENTED_EDGE('',*,*,#3446,.T.);
#3470 = ORIENTED_EDGE('',*,*,#3471,.F.);
#3471 = EDGE_CURVE('',#3447,#3447,#3472,.T.);
#3472 = SURFACE_CURVE('',#3473,(#3478,#3485),.PCURVE_S1.);
#3473 = CIRCLE('',#3474,4.5);
#3474 = AXIS2_PLACEMENT_3D('',#3475,#3476,#3477);
#3475 = CARTESIAN_POINT('',(12.5,38.,3.55));
#3476 = DIRECTION('',(-1.110223024625E-16,1.221245327088E-15,1.));
#3477 = DIRECTION('',(-4.440892098501E-16,1.,-1.221245327088E-15));
#3478 = PCURVE('',#2076,#3479);
#3479 = DEFINITIONAL_REPRESENTATION('',(#3480),#3484);
#3480 = LINE('',#3481,#3482);
#3481 = CARTESIAN_POINT('',(0.,-4.45));
#3482 = VECTOR('',#3483,1.);
#3483 = DIRECTION('',(1.,-0.));
#3484 = ( GEOMETRIC_REPRESENTATION_CONTEXT(2) 
PARAMETRIC_REPRESENTATION_CONTEXT() REPRESENTATION_CONTEXT('2D SPACE',''
  ) );
#3485 = PCURVE('',#2478,#3486);
#3486 = DEFINITIONAL_REPRESENTATION('',(#3487),#3491);
#3487 = LINE('',#3488,#3489);
#3488 = CARTESIAN_POINT('',(-0.,0.));
#3489 = VECTOR('',#3490,1.);
#3490 = DIRECTION('',(-1.,0.));
#3491 = ( GEOMETRIC_REPRESENTATION_CONTEXT(2) 
PARAMETRIC_REPRESENTATION_CONTEXT() REPRESENTATION_CONTEXT('2D SPACE',''
  ) );
#3492 = ADVANCED_FACE('',(#3493),#2158,.T.);
#3493 = FACE_BOUND('',#3494,.T.);
#3494 = EDGE_LOOP('',(#3495,#3496,#3497,#3520));
#3495 = ORIENTED_EDGE('',*,*,#3084,.F.);
#3496 = ORIENTED_EDGE('',*,*,#2143,.T.);
#3497 = ORIENTED_EDGE('',*,*,#3498,.T.);
#3498 = EDGE_CURVE('',#2121,#3499,#3501,.T.);
#3499 = VERTEX_POINT('',#3500);
#3500 = CARTESIAN_POINT('',(60.,8.,0.5));
#3501 = SURFACE_CURVE('',#3502,(#3506,#3513),.PCURVE_S1.);
#3502 = LINE('',#3503,#3504);
#3503 = CARTESIAN_POINT('',(59.5,8.,1.016409179044E-13));
#3504 = VECTOR('',#3505,1.);
#3505 = DIRECTION('',(0.707106781187,-3.17539173749E-15,0.707106781187)
  );
#3506 = PCURVE('',#2158,#3507);
#3507 = DEFINITIONAL_REPRESENTATION('',(#3508),#3512);
#3508 = LINE('',#3509,#3510);
#3509 = CARTESIAN_POINT('',(-1.570796326795,-0.));
#3510 = VECTOR('',#3511,1.);
#3511 = DIRECTION('',(-0.,-1.));
#3512 = ( GEOMETRIC_REPRESENTATION_CONTEXT(2) 
PARAMETRIC_REPRESENTATION_CONTEXT() REPRESENTATION_CONTEXT('2D SPACE',''
  ) );
#3513 = PCURVE('',#2321,#3514);
#3514 = DEFINITIONAL_REPRESENTATION('',(#3515),#3519);
#3515 = LINE('',#3516,#3517);
#3516 = CARTESIAN_POINT('',(-1.05138120432E-13,-0.353553390593));
#3517 = VECTOR('',#3518,1.);
#3518 = DIRECTION('',(4.1174472127E-15,1.));
#3519 = ( GEOMETRIC_REPRESENTATION_CONTEXT(2) 
PARAMETRIC_REPRESENTATION_CONTEXT() REPRESENTATION_CONTEXT('2D SPACE',''
  ) );
#3520 = ORIENTED_EDGE('',*,*,#3521,.F.);
#3521 = EDGE_CURVE('',#3085,#3499,#3522,.T.);
#3522 = SURFACE_CURVE('',#3523,(#3528,#3535),.PCURVE_S1.);
#3523 = CIRCLE('',#3524,7.5);
#3524 = AXIS2_PLACEMENT_3D('',#3525,#3526,#3527);
#3525 = CARTESIAN_POINT('',(60.,8.,8.));
#3526 = DIRECTION('',(1.,1.010728034814E-30,1.33226762955E-15));
#3527 = DIRECTION('',(1.417484439069E-29,-1.,-9.880984919164E-15));
#3528 = PCURVE('',#2158,#3529);
#3529 = DEFINITIONAL_REPRESENTATION('',(#3530),#3534);
#3530 = LINE('',#3531,#3532);
#3531 = CARTESIAN_POINT('',(-0.,-0.5));
#3532 = VECTOR('',#3533,1.);
#3533 = DIRECTION('',(-1.,-0.));
#3534 = ( GEOMETRIC_REPRESENTATION_CONTEXT(2) 
PARAMETRIC_REPRESENTATION_CONTEXT() REPRESENTATION_CONTEXT('2D SPACE',''
  ) );
#3535 = PCURVE('',#2623,#3536);
#3536 = DEFINITIONAL_REPRESENTATION('',(#3537),#3541);
#3537 = CIRCLE('',#3538,7.5);
#3538 = AXIS2_PLACEMENT_2D('',#3539,#3540);
#3539 = CARTESIAN_POINT('',(-11.84,31.84));
#3540 = DIRECTION('',(-9.436895709314E-15,1.));
#3541 = ( GEOMETRIC_REPRESENTATION_CONTEXT(2) 
PARAMETRIC_REPRESENTATION_CONTEXT() REPRESENTATION_CONTEXT('2D SPACE',''
  ) );
#3542 = ADVANCED_FACE('',(#3543),#2190,.T.);
#3543 = FACE_BOUND('',#3544,.T.);
#3544 = EDGE_LOOP('',(#3545,#3566,#3567,#3568));
#3545 = ORIENTED_EDGE('',*,*,#3546,.F.);
#3546 = EDGE_CURVE('',#2334,#2175,#3547,.T.);
#3547 = SURFACE_CURVE('',#3548,(#3552,#3559),.PCURVE_S1.);
#3548 = LINE('',#3549,#3550);
#3549 = CARTESIAN_POINT('',(52.,120.,0.5));
#3550 = VECTOR('',#3551,1.);
#3551 = DIRECTION('',(-1.526794655872E-15,0.707106781187,0.707106781187)
  );
#3552 = PCURVE('',#2190,#3553);
#3553 = DEFINITIONAL_REPRESENTATION('',(#3554),#3558);
#3554 = LINE('',#3555,#3556);
#3555 = CARTESIAN_POINT('',(9.248157795128E-14,0.353553390593));
#3556 = VECTOR('',#3557,1.);
#3557 = DIRECTION('',(1.840813147609E-15,1.));
#3558 = ( GEOMETRIC_REPRESENTATION_CONTEXT(2) 
PARAMETRIC_REPRESENTATION_CONTEXT() REPRESENTATION_CONTEXT('2D SPACE',''
  ) );
#3559 = PCURVE('',#2350,#3560);
#3560 = DEFINITIONAL_REPRESENTATION('',(#3561),#3565);
#3561 = LINE('',#3562,#3563);
#3562 = CARTESIAN_POINT('',(1.570796326795,0.));
#3563 = VECTOR('',#3564,1.);
#3564 = DIRECTION('',(0.,1.));
#3565 = ( GEOMETRIC_REPRESENTATION_CONTEXT(2) 
PARAMETRIC_REPRESENTATION_CONTEXT() REPRESENTATION_CONTEXT('2D SPACE',''
  ) );
#3566 = ORIENTED_EDGE('',*,*,#2362,.T.);
#3567 = ORIENTED_EDGE('',*,*,#2254,.T.);
#3568 = ORIENTED_EDGE('',*,*,#2174,.F.);
#3569 = ADVANCED_FACE('',(#3570),#2218,.T.);
#3570 = FACE_BOUND('',#3571,.F.);
#3571 = EDGE_LOOP('',(#3572,#3573,#3597,#3618));
#3572 = ORIENTED_EDGE('',*,*,#2202,.F.);
#3573 = ORIENTED_EDGE('',*,*,#3574,.F.);
#3574 = EDGE_CURVE('',#3575,#2175,#3577,.T.);
#3575 = VERTEX_POINT('',#3576);
#3576 = CARTESIAN_POINT('',(60.,112.,0.5));
#3577 = SURFACE_CURVE('',#3578,(#3583,#3590),.PCURVE_S1.);
#3578 = CIRCLE('',#3579,8.);
#3579 = AXIS2_PLACEMENT_3D('',#3580,#3581,#3582);
#3580 = CARTESIAN_POINT('',(52.,112.,0.5));
#3581 = DIRECTION('',(-4.440892098501E-16,1.33226762955E-15,1.));
#3582 = DIRECTION('',(1.,1.7763568394E-15,4.440892098501E-16));
#3583 = PCURVE('',#2218,#3584);
#3584 = DEFINITIONAL_REPRESENTATION('',(#3585),#3589);
#3585 = LINE('',#3586,#3587);
#3586 = CARTESIAN_POINT('',(-1.570796326795,0.5));
#3587 = VECTOR('',#3588,1.);
#3588 = DIRECTION('',(1.,-0.));
#3589 = ( GEOMETRIC_REPRESENTATION_CONTEXT(2) 
PARAMETRIC_REPRESENTATION_CONTEXT() REPRESENTATION_CONTEXT('2D SPACE',''
  ) );
#3590 = PCURVE('',#2350,#3591);
#3591 = DEFINITIONAL_REPRESENTATION('',(#3592),#3596);
#3592 = LINE('',#3593,#3594);
#3593 = CARTESIAN_POINT('',(0.,0.));
#3594 = VECTOR('',#3595,1.);
#3595 = DIRECTION('',(1.,0.));
#3596 = ( GEOMETRIC_REPRESENTATION_CONTEXT(2) 
PARAMETRIC_REPRESENTATION_CONTEXT() REPRESENTATION_CONTEXT('2D SPACE',''
  ) );
#3597 = ORIENTED_EDGE('',*,*,#3598,.T.);
#3598 = EDGE_CURVE('',#3575,#3222,#3599,.T.);
#3599 = SURFACE_CURVE('',#3600,(#3604,#3611),.PCURVE_S1.);
#3600 = LINE('',#3601,#3602);
#3601 = CARTESIAN_POINT('',(60.,112.,-2.389199948993E-13));
#3602 = VECTOR('',#3603,1.);
#3603 = DIRECTION('',(-1.998401444325E-15,-2.22044604925E-16,1.));
#3604 = PCURVE('',#2218,#3605);
#3605 = DEFINITIONAL_REPRESENTATION('',(#3606),#3610);
#3606 = LINE('',#3607,#3608);
#3607 = CARTESIAN_POINT('',(-1.570796326795,0.));
#3608 = VECTOR('',#3609,1.);
#3609 = DIRECTION('',(-0.,1.));
#3610 = ( GEOMETRIC_REPRESENTATION_CONTEXT(2) 
PARAMETRIC_REPRESENTATION_CONTEXT() REPRESENTATION_CONTEXT('2D SPACE',''
  ) );
#3611 = PCURVE('',#2623,#3612);
#3612 = DEFINITIONAL_REPRESENTATION('',(#3613),#3617);
#3613 = LINE('',#3614,#3615);
#3614 = CARTESIAN_POINT('',(-19.84,-72.16));
#3615 = VECTOR('',#3616,1.);
#3616 = DIRECTION('',(1.,1.7763568394E-15));
#3617 = ( GEOMETRIC_REPRESENTATION_CONTEXT(2) 
PARAMETRIC_REPRESENTATION_CONTEXT() REPRESENTATION_CONTEXT('2D SPACE',''
  ) );
#3618 = ORIENTED_EDGE('',*,*,#3244,.F.);
#3619 = ADVANCED_FACE('',(#3620),#2321,.F.);
#3620 = FACE_BOUND('',#3621,.T.);
#3621 = EDGE_LOOP('',(#3622,#3623,#3624,#3645));
#3622 = ORIENTED_EDGE('',*,*,#3498,.F.);
#3623 = ORIENTED_EDGE('',*,*,#2305,.T.);
#3624 = ORIENTED_EDGE('',*,*,#3625,.T.);
#3625 = EDGE_CURVE('',#2306,#3575,#3626,.T.);
#3626 = SURFACE_CURVE('',#3627,(#3631,#3638),.PCURVE_S1.);
#3627 = LINE('',#3628,#3629);
#3628 = CARTESIAN_POINT('',(59.75,112.,0.25));
#3629 = VECTOR('',#3630,1.);
#3630 = DIRECTION('',(0.707106781187,9.420554752103E-16,0.707106781187)
  );
#3631 = PCURVE('',#2321,#3632);
#3632 = DEFINITIONAL_REPRESENTATION('',(#3633),#3637);
#3633 = LINE('',#3634,#3635);
#3634 = CARTESIAN_POINT('',(-104.,-2.649531024029E-15));
#3635 = VECTOR('',#3636,1.);
#3636 = DIRECTION('',(1.972152263053E-31,1.));
#3637 = ( GEOMETRIC_REPRESENTATION_CONTEXT(2) 
PARAMETRIC_REPRESENTATION_CONTEXT() REPRESENTATION_CONTEXT('2D SPACE',''
  ) );
#3638 = PCURVE('',#2350,#3639);
#3639 = DEFINITIONAL_REPRESENTATION('',(#3640),#3644);
#3640 = LINE('',#3641,#3642);
#3641 = CARTESIAN_POINT('',(2.22044604925E-16,-0.25));
#3642 = VECTOR('',#3643,1.);
#3643 = DIRECTION('',(0.,1.));
#3644 = ( GEOMETRIC_REPRESENTATION_CONTEXT(2) 
PARAMETRIC_REPRESENTATION_CONTEXT() REPRESENTATION_CONTEXT('2D SPACE',''
  ) );
#3645 = ORIENTED_EDGE('',*,*,#3646,.F.);
#3646 = EDGE_CURVE('',#3499,#3575,#3647,.T.);
#3647 = SURFACE_CURVE('',#3648,(#3652,#3659),.PCURVE_S1.);
#3648 = LINE('',#3649,#3650);
#3649 = CARTESIAN_POINT('',(60.,8.,0.5));
#3650 = VECTOR('',#3651,1.);
#3651 = DIRECTION('',(7.642090019329E-31,1.,-1.33226762955E-15));
#3652 = PCURVE('',#2321,#3653);
#3653 = DEFINITIONAL_REPRESENTATION('',(#3654),#3658);
#3654 = LINE('',#3655,#3656);
#3655 = CARTESIAN_POINT('',(-5.551115123126E-16,0.353553390593));
#3656 = VECTOR('',#3657,1.);
#3657 = DIRECTION('',(-1.,-1.972152263053E-31));
#3658 = ( GEOMETRIC_REPRESENTATION_CONTEXT(2) 
PARAMETRIC_REPRESENTATION_CONTEXT() REPRESENTATION_CONTEXT('2D SPACE',''
  ) );
#3659 = PCURVE('',#2623,#3660);
#3660 = DEFINITIONAL_REPRESENTATION('',(#3661),#3665);
#3661 = LINE('',#3662,#3663);
#3662 = CARTESIAN_POINT('',(-19.34,31.84));
#3663 = VECTOR('',#3664,1.);
#3664 = DIRECTION('',(-1.7763568394E-15,-1.));
#3665 = ( GEOMETRIC_REPRESENTATION_CONTEXT(2) 
PARAMETRIC_REPRESENTATION_CONTEXT() REPRESENTATION_CONTEXT('2D SPACE',''
  ) );
#3666 = ADVANCED_FACE('',(#3667),#2350,.T.);
#3667 = FACE_BOUND('',#3668,.T.);
#3668 = EDGE_LOOP('',(#3669,#3670,#3671,#3672));
#3669 = ORIENTED_EDGE('',*,*,#3625,.F.);
#3670 = ORIENTED_EDGE('',*,*,#2333,.T.);
#3671 = ORIENTED_EDGE('',*,*,#3546,.T.);
#3672 = ORIENTED_EDGE('',*,*,#3574,.F.);
#3673 = ADVANCED_FACE('',(#3674),#2408,.F.);
#3674 = FACE_BOUND('',#3675,.T.);
#3675 = EDGE_LOOP('',(#3676,#3697,#3698,#3699));
#3676 = ORIENTED_EDGE('',*,*,#3677,.F.);
#3677 = EDGE_CURVE('',#3347,#2388,#3678,.T.);
#3678 = SEAM_CURVE('',#3679,(#3683,#3690),.PCURVE_S1.);
#3679 = LINE('',#3680,#3681);
#3680 = CARTESIAN_POINT('',(47.5,42.5,3.55));
#3681 = VECTOR('',#3682,1.);
#3682 = DIRECTION('',(1.443289932013E-15,4.820994382436E-17,-1.));
#3683 = PCURVE('',#2408,#3684);
#3684 = DEFINITIONAL_REPRESENTATION('',(#3685),#3689);
#3685 = LINE('',#3686,#3687);
#3686 = CARTESIAN_POINT('',(-0.,0.));
#3687 = VECTOR('',#3688,1.);
#3688 = DIRECTION('',(-0.,1.));
#3689 = ( GEOMETRIC_REPRESENTATION_CONTEXT(2) 
PARAMETRIC_REPRESENTATION_CONTEXT() REPRESENTATION_CONTEXT('2D SPACE',''
  ) );
#3690 = PCURVE('',#2408,#3691);
#3691 = DEFINITIONAL_REPRESENTATION('',(#3692),#3696);
#3692 = LINE('',#3693,#3694);
#3693 = CARTESIAN_POINT('',(-6.28318530718,0.));
#3694 = VECTOR('',#3695,1.);
#3695 = DIRECTION('',(-0.,1.));
#3696 = ( GEOMETRIC_REPRESENTATION_CONTEXT(2) 
PARAMETRIC_REPRESENTATION_CONTEXT() REPRESENTATION_CONTEXT('2D SPACE',''
  ) );
#3697 = ORIENTED_EDGE('',*,*,#3371,.T.);
#3698 = ORIENTED_EDGE('',*,*,#3677,.T.);
#3699 = ORIENTED_EDGE('',*,*,#2387,.T.);
#3700 = ADVANCED_FACE('',(#3701),#2443,.F.);
#3701 = FACE_BOUND('',#3702,.T.);
#3702 = EDGE_LOOP('',(#3703,#3724,#3725,#3726));
#3703 = ORIENTED_EDGE('',*,*,#3704,.F.);
#3704 = EDGE_CURVE('',#3297,#2423,#3705,.T.);
#3705 = SEAM_CURVE('',#3706,(#3710,#3717),.PCURVE_S1.);
#3706 = LINE('',#3707,#3708);
#3707 = CARTESIAN_POINT('',(47.5,102.5,3.55));
#3708 = VECTOR('',#3709,1.);
#3709 = DIRECTION('',(1.443289932013E-15,4.820994382436E-17,-1.));
#3710 = PCURVE('',#2443,#3711);
#3711 = DEFINITIONAL_REPRESENTATION('',(#3712),#3716);
#3712 = LINE('',#3713,#3714);
#3713 = CARTESIAN_POINT('',(-0.,0.));
#3714 = VECTOR('',#3715,1.);
#3715 = DIRECTION('',(-0.,1.));
#3716 = ( GEOMETRIC_REPRESENTATION_CONTEXT(2) 
PARAMETRIC_REPRESENTATION_CONTEXT() REPRESENTATION_CONTEXT('2D SPACE',''
  ) );
#3717 = PCURVE('',#2443,#3718);
#3718 = DEFINITIONAL_REPRESENTATION('',(#3719),#3723);
#3719 = LINE('',#3720,#3721);
#3720 = CARTESIAN_POINT('',(-6.28318530718,0.));
#3721 = VECTOR('',#3722,1.);
#3722 = DIRECTION('',(-0.,1.));
#3723 = ( GEOMETRIC_REPRESENTATION_CONTEXT(2) 
PARAMETRIC_REPRESENTATION_CONTEXT() REPRESENTATION_CONTEXT('2D SPACE',''
  ) );
#3724 = ORIENTED_EDGE('',*,*,#3321,.T.);
#3725 = ORIENTED_EDGE('',*,*,#3704,.T.);
#3726 = ORIENTED_EDGE('',*,*,#2422,.T.);
#3727 = ADVANCED_FACE('',(#3728),#2478,.F.);
#3728 = FACE_BOUND('',#3729,.T.);
#3729 = EDGE_LOOP('',(#3730,#3751,#3752,#3753));
#3730 = ORIENTED_EDGE('',*,*,#3731,.F.);
#3731 = EDGE_CURVE('',#3447,#2458,#3732,.T.);
#3732 = SEAM_CURVE('',#3733,(#3737,#3744),.PCURVE_S1.);
#3733 = LINE('',#3734,#3735);
#3734 = CARTESIAN_POINT('',(12.5,42.5,3.55));
#3735 = VECTOR('',#3736,1.);
#3736 = DIRECTION('',(1.443289932013E-15,4.820994382436E-17,-1.));
#3737 = PCURVE('',#2478,#3738);
#3738 = DEFINITIONAL_REPRESENTATION('',(#3739),#3743);
#3739 = LINE('',#3740,#3741);
#3740 = CARTESIAN_POINT('',(-0.,0.));
#3741 = VECTOR('',#3742,1.);
#3742 = DIRECTION('',(-0.,1.));
#3743 = ( GEOMETRIC_REPRESENTATION_CONTEXT(2) 
PARAMETRIC_REPRESENTATION_CONTEXT() REPRESENTATION_CONTEXT('2D SPACE',''
  ) );
#3744 = PCURVE('',#2478,#3745);
#3745 = DEFINITIONAL_REPRESENTATION('',(#3746),#3750);
#3746 = LINE('',#3747,#3748);
#3747 = CARTESIAN_POINT('',(-6.28318530718,0.));
#3748 = VECTOR('',#3749,1.);
#3749 = DIRECTION('',(-0.,1.));
#3750 = ( GEOMETRIC_REPRESENTATION_CONTEXT(2) 
PARAMETRIC_REPRESENTATION_CONTEXT() REPRESENTATION_CONTEXT('2D SPACE',''
  ) );
#3751 = ORIENTED_EDGE('',*,*,#3471,.T.);
#3752 = ORIENTED_EDGE('',*,*,#3731,.T.);
#3753 = ORIENTED_EDGE('',*,*,#2457,.T.);
#3754 = ADVANCED_FACE('',(#3755),#2513,.F.);
#3755 = FACE_BOUND('',#3756,.T.);
#3756 = EDGE_LOOP('',(#3757,#3778,#3779,#3780));
#3757 = ORIENTED_EDGE('',*,*,#3758,.F.);
#3758 = EDGE_CURVE('',#3397,#2493,#3759,.T.);
#3759 = SEAM_CURVE('',#3760,(#3764,#3771),.PCURVE_S1.);
#3760 = LINE('',#3761,#3762);
#3761 = CARTESIAN_POINT('',(12.5,102.5,3.55));
#3762 = VECTOR('',#3763,1.);
#3763 = DIRECTION('',(1.443289932013E-15,4.820994382436E-17,-1.));
#3764 = PCURVE('',#2513,#3765);
#3765 = DEFINITIONAL_REPRESENTATION('',(#3766),#3770);
#3766 = LINE('',#3767,#3768);
#3767 = CARTESIAN_POINT('',(-0.,0.));
#3768 = VECTOR('',#3769,1.);
#3769 = DIRECTION('',(-0.,1.));
#3770 = ( GEOMETRIC_REPRESENTATION_CONTEXT(2) 
PARAMETRIC_REPRESENTATION_CONTEXT() REPRESENTATION_CONTEXT('2D SPACE',''
  ) );
#3771 = PCURVE('',#2513,#3772);
#3772 = DEFINITIONAL_REPRESENTATION('',(#3773),#3777);
#3773 = LINE('',#3774,#3775);
#3774 = CARTESIAN_POINT('',(-6.28318530718,0.));
#3775 = VECTOR('',#3776,1.);
#3776 = DIRECTION('',(-0.,1.));
#3777 = ( GEOMETRIC_REPRESENTATION_CONTEXT(2) 
PARAMETRIC_REPRESENTATION_CONTEXT() REPRESENTATION_CONTEXT('2D SPACE',''
  ) );
#3778 = ORIENTED_EDGE('',*,*,#3421,.T.);
#3779 = ORIENTED_EDGE('',*,*,#3758,.T.);
#3780 = ORIENTED_EDGE('',*,*,#2492,.T.);
#3781 = ADVANCED_FACE('',(#3782),#2623,.T.);
#3782 = FACE_BOUND('',#3783,.T.);
#3783 = EDGE_LOOP('',(#3784,#3785,#3786,#3787,#3788,#3789,#3790));
#3784 = ORIENTED_EDGE('',*,*,#2607,.T.);
#3785 = ORIENTED_EDGE('',*,*,#3107,.T.);
#3786 = ORIENTED_EDGE('',*,*,#3521,.T.);
#3787 = ORIENTED_EDGE('',*,*,#3646,.T.);
#3788 = ORIENTED_EDGE('',*,*,#3598,.T.);
#3789 = ORIENTED_EDGE('',*,*,#3272,.T.);
#3790 = ORIENTED_EDGE('',*,*,#2705,.F.);
#3791 = ( GEOMETRIC_REPRESENTATION_CONTEXT(3) 
GLOBAL_UNCERTAINTY_ASSIGNED_CONTEXT((#3795)) 
GLOBAL_UNIT_ASSIGNED_CONTEXT((#3792,#3793,#3794)) REPRESENTATION_CONTEXT
('Context #1','3D Context with UNIT and UNCERTAINTY') );
#3792 = ( LENGTH_UNIT() NAMED_UNIT(*) SI_UNIT(.MILLI.,.METRE.) );
#3793 = ( NAMED_UNIT(*) PLANE_ANGLE_UNIT() SI_UNIT($,.RADIAN.) );
#3794 = ( NAMED_UNIT(*) SI_UNIT($,.STERADIAN.) SOLID_ANGLE_UNIT() );
#3795 = UNCERTAINTY_MEASURE_WITH_UNIT(LENGTH_MEASURE(1.E-07),#3792,
  'distance_accuracy_value','confusion accuracy');
#3796 = CONTEXT_DEPENDENT_SHAPE_REPRESENTATION(#3797,#3799);
#3797 = ( REPRESENTATION_RELATIONSHIP('','',#32,#10) 
REPRESENTATION_RELATIONSHIP_WITH_TRANSFORMATION(#3798) 
SHAPE_REPRESENTATION_RELATIONSHIP() );
#3798 = ITEM_DEFINED_TRANSFORMATION('','',#11,#15);
#3799 = PRODUCT_DEFINITION_SHAPE('Placement','Placement of an item',
  #3800);
#3800 = NEXT_ASSEMBLY_USAGE_OCCURRENCE('1','=>[0:1:1:1]','',#5,#27,$);
#3801 = PRODUCT_RELATED_PRODUCT_CATEGORY('part',$,(#29));
#3802 = MECHANICAL_DESIGN_GEOMETRIC_PRESENTATION_REPRESENTATION('',(
    #3803),#3791);
#3803 = STYLED_ITEM('color',(#3804),#33);
#3804 = PRESENTATION_STYLE_ASSIGNMENT((#3805,#3813));
#3805 = SURFACE_STYLE_USAGE(.BOTH.,#3806);
#3806 = SURFACE_SIDE_STYLE('',(#3807,#3811));
#3807 = SURFACE_STYLE_FILL_AREA(#3808);
#3808 = FILL_AREA_STYLE('',(#3809));
#3809 = FILL_AREA_STYLE_COLOUR('',#3810);
#3810 = COLOUR_RGB('',0.678430976034,0.709803998361,0.741176010593);
#3811 = SURFACE_STYLE_RENDERING_WITH_PROPERTIES(.NORMAL_SHADING.,#3810,(
    #3812));
#3812 = SURFACE_STYLE_TRANSPARENT(1.);
#3813 = CURVE_STYLE('',#3814,POSITIVE_LENGTH_MEASURE(0.1),#3810);
#3814 = DRAUGHTING_PRE_DEFINED_CURVE_FONT('continuous');
ENDSEC;
END-ISO-10303-21;
